-- phpMyAdmin SQL Dump
-- version 5.0.1
-- https://www.phpmyadmin.net/
--
-- Hôte : 127.0.0.1
-- Généré le : ven. 29 mai 2020 à 14:16
-- Version du serveur :  10.4.11-MariaDB
-- Version de PHP : 7.4.1

SET SQL_MODE = "NO_AUTO_VALUE_ON_ZERO";
SET AUTOCOMMIT = 0;
START TRANSACTION;
SET time_zone = "+00:00";


/*!40101 SET @OLD_CHARACTER_SET_CLIENT=@@CHARACTER_SET_CLIENT */;
/*!40101 SET @OLD_CHARACTER_SET_RESULTS=@@CHARACTER_SET_RESULTS */;
/*!40101 SET @OLD_COLLATION_CONNECTION=@@COLLATION_CONNECTION */;
/*!40101 SET NAMES utf8mb4 */;

--
-- Base de données : `monvoisindaccote`
--

-- --------------------------------------------------------

--
-- Structure de la table `annonce`
--

CREATE TABLE `annonce` (
  `id` int(11) NOT NULL,
  `categorys_id` int(11) NOT NULL,
  `users_id` int(11) NOT NULL,
  `annonce_title` varchar(255) COLLATE utf8mb4_unicode_ci NOT NULL,
  `annonce_description` longtext COLLATE utf8mb4_unicode_ci NOT NULL,
  `annonce_order` int(11) NOT NULL,
  `annonce_publier` tinyint(1) NOT NULL,
  `created_at` datetime NOT NULL,
  `annonce_picture` varchar(255) COLLATE utf8mb4_unicode_ci NOT NULL,
  `image_size` int(11) NOT NULL,
  `updated_at` datetime NOT NULL,
  `budget` decimal(6,2) NOT NULL,
  `city` varchar(255) COLLATE utf8mb4_unicode_ci NOT NULL,
  `adress` varchar(255) COLLATE utf8mb4_unicode_ci NOT NULL,
  `postal_code` varchar(255) COLLATE utf8mb4_unicode_ci NOT NULL
) ENGINE=InnoDB DEFAULT CHARSET=utf8mb4 COLLATE=utf8mb4_unicode_ci;

--
-- Déchargement des données de la table `annonce`
--

INSERT INTO `annonce` (`id`, `categorys_id`, `users_id`, `annonce_title`, `annonce_description`, `annonce_order`, `annonce_publier`, `created_at`, `annonce_picture`, `image_size`, `updated_at`, `budget`, `city`, `adress`, `postal_code`) VALUES
(47, 9, 115, 'Dolorum est dignissimos distinctio quo et neque.', 'Eos ut provident perspiciatis error eligendi. Minus qui error laudantium maxime quas consequatur cumque. Rerum commodi odio sit fuga deleniti exercitationem sit. Cupiditate placeat ut iste earum.', 1, 1, '2020-03-05 21:04:25', 'https://placehold.it/400x350', 1, '2020-03-15 21:11:52', '0.00', 'Baudry', '36, boulevard Marcelle Marty\n56 439 Gaillard', '42119'),
(48, 9, 115, 'Dolorum et quisquam placeat minima excepturi sunt iure.', 'Quaerat aut consequatur dicta iure blanditiis ullam deleniti. Aut aut aut cumque voluptatem. Sunt iste quasi recusandae in.', 1, 1, '2020-03-21 11:37:24', 'https://placehold.it/400x350', 1, '2020-03-09 14:13:00', '0.00', 'Da Silvanec', '95, rue Auguste Baron\n27 963 Lacombe-sur-Dias', '41132'),
(49, 9, 118, 'Sit sunt aperiam repellat et repellendus officiis.', 'Nemo expedita neque consequatur qui. Molestiae recusandae quis et iste dolorem. Unde in natus ipsa similique enim et. Dolore et quae fugit aliquid error sint ab.', 1, 1, '2020-03-27 23:36:38', 'https://placehold.it/400x350', 1, '2020-04-29 10:09:31', '0.00', 'Lopes', '73, chemin Laine\n23 422 Gillet', '91325'),
(50, 9, 124, 'Veniam tenetur aperiam dolores natus fugiat nihil delectus.', 'Necessitatibus pariatur neque voluptas nemo non ut autem. Laboriosam corporis ratione facere dicta amet sit accusamus sequi. Sunt quo animi quia modi. Rerum omnis excepturi excepturi reiciendis et illum animi quaerat.', 1, 1, '2020-03-02 07:35:45', 'https://placehold.it/400x350', 1, '2020-03-17 20:38:36', '0.00', 'Blin', 'rue Audrey Leconte\n59 137 Pineau', '75 757'),
(51, 10, 124, 'Magni cumque nihil saepe rerum expedita amet fuga.', 'Nisi sit aut quas ab inventore. Minus molestiae qui recusandae quos repellendus. Quae saepe voluptatem molestias delectus.', 1, 1, '2020-02-29 18:45:19', 'https://placehold.it/400x350', 1, '2020-04-20 17:43:00', '0.00', 'LerouxBourg', '13, rue Lucy Marechal\n92865 Clercdan', '86 230'),
(52, 10, 118, 'Itaque qui libero impedit soluta accusantium velit et.', 'Consequatur enim quibusdam accusamus eum repudiandae. Pariatur rerum nulla dolor corrupti magnam. Ullam voluptas natus aliquam possimus qui aut. Illum aut voluptate dolore sequi iure eum. Labore voluptas eaque enim veniam harum quia.', 1, 1, '2020-03-25 07:23:17', 'https://placehold.it/400x350', 1, '2020-02-22 11:21:54', '0.00', 'Normand-les-Bains', '94, place de Da Costa\n69313 Turpinnec', '10410'),
(53, 10, 118, 'Amet molestias magnam rerum velit iure veritatis sunt.', 'Exercitationem temporibus delectus facilis nulla occaecati dolor ea. Consequuntur omnis qui mollitia dolore. Aspernatur sit vitae quod et.', 1, 1, '2020-03-30 04:27:24', 'https://placehold.it/400x350', 1, '2020-03-10 05:02:56', '0.00', 'Gaynec', '99, place Barbier\n28241 Letellier-sur-Mer', '02 047'),
(54, 10, 115, 'Aut quos quia quod in in.', 'Ut omnis asperiores soluta non. Fuga est tenetur exercitationem. Quod sequi iste qui laboriosam doloremque. Est impedit assumenda molestiae amet. Occaecati ducimus ullam maxime vel doloribus.', 1, 1, '2020-02-04 07:57:46', 'https://placehold.it/400x350', 1, '2020-02-08 08:06:30', '0.00', 'Martins', '51, avenue Théodore Couturier\n57840 Camus', '79 493'),
(55, 10, 115, 'Omnis totam provident iure ipsam placeat impedit qui.', 'Optio non recusandae laborum itaque sed. Esse aspernatur dignissimos praesentium aliquid dignissimos ipsa consequatur. Atque laudantium et qui id labore omnis eum harum. Et qui ut commodi omnis ut sequi.', 1, 1, '2020-02-23 04:34:55', 'https://placehold.it/400x350', 1, '2020-03-24 06:26:45', '0.00', 'Muller', '89, impasse Ferreira\n47496 Lamy', '31007'),
(56, 10, 118, 'Debitis repudiandae delectus tenetur quos eaque sunt.', 'Impedit perferendis quae ut sed. Alias tenetur asperiores ea excepturi illo tempore voluptatem asperiores. Similique non temporibus id nemo et ut sit.', 1, 1, '2020-04-27 23:30:54', 'https://placehold.it/400x350', 1, '2020-03-01 03:02:59', '0.00', 'Pineau-sur-Mer', '855, chemin Léon Techer\n75 857 Lemaitrenec', '65 759'),
(57, 10, 124, 'Labore omnis nam sequi.', 'Quod est enim qui dolorum a ipsum. Nihil aliquam esse saepe adipisci vel iusto. Sint suscipit aliquid non nesciunt voluptatem totam. Quia explicabo quam officiis dolore qui est est.', 1, 1, '2020-02-27 06:53:03', 'https://placehold.it/400x350', 1, '2020-03-03 19:19:39', '0.00', 'Jourdan', '13, chemin Teixeira\n74 257 Germain', '76324'),
(58, 10, 115, 'Fugiat assumenda omnis ipsa temporibus.', 'Quia dolore omnis recusandae deleniti omnis delectus. Adipisci dolores et unde voluptatibus earum sunt autem. Perferendis sed sed asperiores cupiditate. Fuga assumenda explicabo unde est aut enim voluptas. Dolor alias molestias enim fuga autem ut.', 1, 1, '2020-03-25 16:13:21', 'https://placehold.it/400x350', 1, '2020-02-11 12:07:06', '0.00', 'Bourdon', '5, rue Margaud Blin\n98 214 Allard-sur-Lejeune', '99333'),
(59, 10, 118, 'Rem aut facere in maxime.', 'Reprehenderit id inventore nulla non. Animi et et suscipit nulla sapiente distinctio suscipit qui. Quo sit corporis aperiam voluptas iusto.', 1, 1, '2020-02-26 07:18:52', 'https://placehold.it/400x350', 1, '2020-04-13 13:55:01', '0.00', 'PiresBourg', '24, boulevard Pons\n23 365 Boucher', '81950'),
(60, 10, 115, 'Quidem occaecati eaque eum.', 'Optio aut non rerum dolore sint perferendis laboriosam fuga. Consequatur officia consequatur modi. Sit beatae aspernatur quis qui. Asperiores omnis dolor aut maxime consequatur delectus nisi.', 1, 1, '2020-04-12 05:20:40', 'https://placehold.it/400x350', 1, '2020-04-13 16:30:15', '0.00', 'Carlierboeuf', '183, rue Alexandre Perret\n93 605 Roy-sur-Lelievre', '23488'),
(61, 10, 124, 'Voluptatum sit ad beatae similique exercitationem.', 'Veniam consequatur ipsum sunt dolorem a omnis. Cumque eius architecto deleniti modi odit vero sit non.', 1, 1, '2020-04-18 21:05:08', 'https://placehold.it/400x350', 1, '2020-03-07 09:34:13', '0.00', 'Raynaud', '6, rue Claude Ledoux\n45260 Loiseau', '55 538'),
(62, 10, 118, 'Velit accusamus voluptatem repellendus asperiores sed aliquam expedita.', 'Nesciunt velit facere fuga qui rerum. Nihil placeat facere reiciendis iste autem. Reiciendis perferendis quis eius voluptas rerum.', 1, 1, '2020-01-30 13:35:25', 'https://placehold.it/400x350', 1, '2020-04-15 18:08:51', '0.00', 'Rodriguez-sur-Salmon', '294, rue Langlois\n50838 Voisin-sur-Wagner', '99 048'),
(63, 10, 118, 'Et quae accusamus nostrum omnis delectus.', 'Id veritatis distinctio nulla maxime placeat corporis. Dolores repellendus voluptatem quia autem perspiciatis. Et eveniet consequatur dolore quisquam porro.', 1, 1, '2020-02-28 21:25:43', 'https://placehold.it/400x350', 1, '2020-02-13 20:28:35', '0.00', 'Da Costa-sur-Ramos', '5, rue William Monnier\n11719 Laporte', '79764'),
(64, 10, 124, 'Et laborum quos qui enim.', 'Eveniet repellat est ab non quia soluta maxime. Optio laboriosam consequuntur officia voluptatibus iste voluptatem vitae natus. Qui voluptatem ex qui. Voluptate architecto distinctio consequuntur ratione quia sit.', 1, 1, '2020-03-15 09:59:24', 'https://placehold.it/400x350', 1, '2020-01-30 18:18:34', '0.00', 'RocherVille', '69, impasse Gaillard\n57 063 Durand', '71 673'),
(65, 10, 115, 'Sed tenetur sit dolorum officia impedit.', 'Tempora voluptatum excepturi fugit architecto amet laborum in. Sint nihil cupiditate doloribus dolorem qui. Autem non voluptas minima accusamus quaerat commodi qui nisi.', 1, 1, '2020-03-19 03:04:59', 'https://placehold.it/400x350', 1, '2020-03-10 13:46:14', '0.00', 'Rey-la-Forêt', '523, rue de Fontaine\n42745 Garciaboeuf', '73326'),
(66, 10, 121, 'Aut non aut illo ratione qui voluptatem id.', 'Veniam debitis est temporibus praesentium. Quis corporis et sequi. Itaque praesentium quidem reiciendis omnis molestias. Aut explicabo qui pariatur enim.', 1, 1, '2020-04-01 02:47:02', 'https://placehold.it/400x350', 1, '2020-04-03 20:09:39', '0.00', 'BeckerVille', '76, place de Munoz\n16477 Gay-la-Forêt', '73692'),
(67, 10, 124, 'Rem dolorum sunt mollitia facilis ut est ipsa.', 'Est pariatur id sint et ut quo voluptatibus nostrum. Sunt ab corrupti corporis voluptatum autem molestias.', 1, 1, '2020-02-26 22:24:03', 'https://placehold.it/400x350', 1, '2020-04-12 02:29:55', '0.00', 'CharrierBourg', 'chemin de Gautier\n51733 Pruvost', '42 875'),
(68, 10, 115, 'Et fugit commodi praesentium.', 'Delectus nam tenetur temporibus cupiditate. Culpa quod iusto molestiae dolorem sed. Eum laboriosam deleniti quasi nam maiores. Et aut cumque sed animi optio unde et quam.', 1, 1, '2020-03-25 21:07:32', 'https://placehold.it/400x350', 1, '2020-03-01 08:04:30', '0.00', 'Legendre', 'impasse de Hoareau\n09 567 Dias', '42580'),
(69, 10, 118, 'Deserunt quam voluptatem temporibus veniam omnis qui.', 'Non mollitia architecto dolore iste tempora sed quam. Non amet repudiandae ut atque sapiente possimus distinctio sit. A aliquid similique architecto odio. Et nostrum ut atque.', 1, 1, '2020-04-16 14:17:50', 'https://placehold.it/400x350', 1, '2020-04-15 01:33:42', '0.00', 'Bonneau', '59, place Bourdon\n04 520 Besnard', '72 843'),
(70, 10, 118, 'Dolores totam voluptas ut deleniti.', 'Numquam illo hic et sapiente. Voluptas dolore quae dolorem facere vero ut aut. Cumque odit rerum possimus exercitationem rerum ut animi.', 1, 1, '2020-04-24 10:18:57', 'https://placehold.it/400x350', 1, '2020-05-02 07:41:42', '0.00', 'Delaunay-les-Bains', '14, rue de Rodrigues\n24508 Begue', '43 211'),
(71, 10, 121, 'Modi nihil eveniet vel qui.', 'Rerum unde ratione sit repellendus ratione voluptas. Repellat ea rerum et vero sapiente illo. Consequuntur excepturi suscipit enim aliquid accusamus dolor. Et consequatur ut accusamus iusto.', 1, 1, '2020-03-23 21:53:43', 'https://placehold.it/400x350', 1, '2020-03-23 18:31:00', '0.00', 'Fernandes-la-Forêt', '71, rue de Lopez\n48171 Bertrand', '05 509'),
(72, 10, 118, 'Dolorem harum perferendis unde.', 'Minima sint ipsa praesentium ut numquam et. Id est iure consectetur velit. Vel eius facilis dolorum odio dolor consequatur. Corrupti ullam pariatur deleniti qui magni aperiam sit.', 1, 1, '2020-02-25 12:56:00', 'https://placehold.it/400x350', 1, '2020-02-04 17:05:07', '0.00', 'Bonnin', '628, boulevard Gautier\n39890 Faure-sur-Aubert', '86 661'),
(73, 11, 118, 'Aut ipsa ducimus eaque deleniti sit.', 'Quod hic expedita omnis quos ut fugit impedit. Eos fugiat optio cum officia ut. Totam id ut sint accusantium. Non rerum ipsa molestiae maxime.', 1, 1, '2020-02-12 07:12:47', 'https://placehold.it/400x350', 1, '2020-02-17 21:05:00', '0.00', 'Mallet', '244, avenue Alain Coste\n74777 Reynaud-la-Forêt', '53929'),
(74, 11, 118, 'Asperiores placeat rem impedit quia dolorem.', 'Enim distinctio optio rerum reprehenderit porro eveniet. Qui pariatur itaque qui vero ratione. Voluptas sit soluta ab ut provident. Consequatur voluptates nesciunt blanditiis ut at voluptatem voluptatem ipsa.', 1, 1, '2020-04-21 01:52:45', 'https://placehold.it/400x350', 1, '2020-01-31 00:18:45', '0.00', 'GregoireBourg', '47, avenue Pruvost\n39301 Lesage', '22575'),
(75, 12, 118, 'Aut animi enim quas eos quia.', 'Illum repellendus iusto et est quam tenetur. Qui mollitia recusandae voluptas molestias veniam voluptates modi. Possimus voluptates necessitatibus illum sapiente. Aspernatur ex ducimus quia quo.', 1, 1, '2020-04-30 11:17:59', 'https://placehold.it/400x350', 1, '2020-02-23 18:03:47', '0.00', 'De Sousa', 'boulevard Sébastien Mallet\n66 419 Ledoux', '54 362'),
(76, 12, 124, 'Eos dicta et cumque illo.', 'Ea voluptatibus recusandae ut esse. Impedit repellat iste sit commodi dolor occaecati odio. Ut non animi enim et sed.', 1, 1, '2020-04-26 21:06:13', 'https://placehold.it/400x350', 1, '2020-04-08 20:10:10', '0.00', 'Guillou', '72, place Théodore Peron\n47 044 Hernandez-sur-Clerc', '57041');

-- --------------------------------------------------------

--
-- Structure de la table `categorie`
--

CREATE TABLE `categorie` (
  `id` int(11) NOT NULL,
  `nom_categorie` varchar(255) COLLATE utf8mb4_unicode_ci NOT NULL,
  `description_categorie` longtext COLLATE utf8mb4_unicode_ci DEFAULT NULL
) ENGINE=InnoDB DEFAULT CHARSET=utf8mb4 COLLATE=utf8mb4_unicode_ci;

--
-- Déchargement des données de la table `categorie`
--

INSERT INTO `categorie` (`id`, `nom_categorie`, `description_categorie`) VALUES
(9, 'Autem earum quod ea eos soluta voluptas.', 'Quaerat quis molestiae eos dolorem sit quod et. Occaecati sed sunt aliquid fuga explicabo. Possimus qui aliquid voluptas adipisci. Neque est quia temporibus ex unde autem.'),
(10, 'Quae ut accusamus magnam modi doloribus eos.', 'Non voluptatem est maxime repellat amet molestias consequatur commodi. Consequatur doloribus veniam quam est. Suscipit dolorem sed aut ipsa qui et qui.'),
(11, 'Occaecati maxime ullam quia omnis enim non.', 'Eos quia illo ut eos dolor modi nisi occaecati. Voluptatibus eaque eum voluptas excepturi voluptas. Aut aut illum quia voluptas. Excepturi qui voluptatibus ut quia iste. Aperiam vel eos ut adipisci sed corrupti delectus.'),
(12, 'Dicta alias commodi provident laborum quae.', 'Sit rerum officia minima vel neque. Nesciunt dolorem non autem ut officiis. Et voluptas ab sint dolorem laborum sed voluptatibus earum. Velit doloribus ut quia aut culpa.');

-- --------------------------------------------------------

--
-- Structure de la table `comment`
--

CREATE TABLE `comment` (
  `id` int(11) NOT NULL,
  `article_id` int(11) NOT NULL,
  `author` varchar(255) COLLATE utf8mb4_unicode_ci NOT NULL,
  `content` longtext COLLATE utf8mb4_unicode_ci NOT NULL,
  `crea_ted_at` datetime NOT NULL
) ENGINE=InnoDB DEFAULT CHARSET=utf8mb4 COLLATE=utf8mb4_unicode_ci;

--
-- Déchargement des données de la table `comment`
--

INSERT INTO `comment` (`id`, `article_id`, `author`, `content`, `crea_ted_at`) VALUES
(226, 47, 'Patricia Salmon', '<p>Voluptas et rem quibusdam ipsam beatae unde animi. At deserunt ut fugiat mollitia autem nam eligendi sed. Tempora provident facilis minus repellendus dicta dolor.</p><p>Reprehenderit voluptas dicta delectus est qui. Pariatur libero quo voluptatem fuga quaerat et maiores voluptate. Quasi ut odit blanditiis qui est.</p>', '2020-04-14 08:10:06'),
(227, 47, 'Anaïs Ramos', '<p>Aut neque qui dolor voluptas omnis nihil non. Officia impedit nesciunt aut dolorem. Et officia voluptatibus ratione alias delectus pariatur amet.</p><p>Impedit sit non fugit minus esse tempora. Est atque unde qui. Ut quis sapiente et eaque est alias laborum.</p>', '2020-03-27 06:41:51'),
(228, 47, 'Daniel-Noël Pruvost', '<p>Architecto et dicta enim quo maxime repudiandae vel. Accusantium voluptatem omnis ea eveniet repellat. Laborum quisquam voluptatem mollitia corporis voluptatem.</p><p>Nesciunt officiis officiis quia qui eum. Dolores sit sed non commodi consectetur ea et.</p>', '2020-05-06 22:32:05'),
(229, 47, 'Marine Marchal', '<p>Harum nobis doloribus necessitatibus similique. Sed fuga voluptas eius ut quis unde minus. Quibusdam ex eum sed rem voluptates explicabo. Id sed sit ex quidem voluptatum.</p><p>Aliquam et sunt optio aut maxime impedit. Dolor in non facilis et aut omnis. Ex totam odit consequatur vero sint molestiae.</p>', '2020-03-10 06:34:09'),
(230, 47, 'Bertrand-Théodore Lopez', '<p>Aperiam in et et inventore molestias dolorem et iure. Voluptatibus sit assumenda in qui nisi blanditiis omnis. Molestiae et placeat deserunt accusantium iusto sit. Enim molestiae maiores quidem dicta adipisci occaecati laborum.</p><p>Quisquam dolorum neque assumenda est autem ea corporis. Architecto et est provident repellat iste. Ut non adipisci unde corporis blanditiis. Tempore ut quo quo unde doloremque.</p>', '2020-04-02 16:29:22'),
(231, 48, 'Christiane Masse', '<p>Ipsum ipsa ratione labore nemo sapiente. Illo est illum magni sit. Facilis suscipit reprehenderit illo nesciunt ut sit quaerat. Cum nobis ipsam corporis sed voluptatibus voluptatibus fuga.</p><p>Harum et et facilis ad enim. Est omnis eveniet facilis ut. Ex corrupti ad exercitationem hic.</p>', '2020-04-24 14:49:21'),
(232, 48, 'Céline-Nathalie Perret', '<p>Et cupiditate non fugiat accusamus rerum. Quis est cupiditate sint officia.</p><p>Animi nesciunt ipsum sit fuga. Id similique qui sunt libero sunt corrupti. Natus veritatis eum voluptates esse ut. Eos maiores ut est nihil sed.</p>', '2020-03-29 18:51:49'),
(233, 48, 'Aurélie Laine', '<p>Eum officia cupiditate aliquam laboriosam beatae odio. Autem molestias corrupti voluptatem beatae sit. Sint quae laudantium sed.</p><p>Deserunt qui est et dolorem est. Hic est sit repellendus omnis a.</p>', '2020-04-22 11:35:46'),
(234, 48, 'Colette du De Sousa', '<p>Inventore fugiat perferendis voluptas iure ipsam velit. Atque voluptatem aliquam temporibus quibusdam dolorem. Architecto expedita optio quis et aut sapiente.</p><p>Pariatur qui quidem aperiam nihil nobis iure unde. Iste natus dolorem aut distinctio voluptas omnis non aut. Quo laboriosam delectus ab rem molestiae. Veniam sit est in sapiente.</p>', '2020-03-24 11:30:00'),
(235, 48, 'Susanne Auger', '<p>Sit repudiandae asperiores qui cum vero. Dignissimos odio aut quo provident. Quis suscipit distinctio optio exercitationem fugit iure. Inventore omnis molestiae explicabo iure quia harum aliquam. Laudantium est quaerat voluptas voluptatem.</p><p>Aliquid animi est aliquam suscipit nam qui explicabo. Saepe sapiente et ut rem. Voluptates fugit est blanditiis quos. Sed dolor quo deleniti maxime neque et consequatur.</p>', '2020-04-16 04:57:54'),
(236, 49, 'Renée Millet', '<p>Incidunt minus aliquam explicabo cum molestias ipsum. Nam illo qui aspernatur numquam omnis officia molestias. Maxime deleniti suscipit ut ea. Doloremque dicta nobis vel beatae magnam quo dolorem.</p><p>Cumque repellendus nisi numquam officiis dolore. Ea quaerat sunt magnam et odio. Nobis dolores ut suscipit est. Necessitatibus rerum iste maiores veritatis.</p>', '2020-04-07 04:30:33'),
(237, 49, 'Michelle Pires', '<p>Adipisci inventore sit iste nemo magnam voluptatem at. Quia sapiente fuga et saepe non amet. Excepturi ipsum earum vero necessitatibus impedit eum. Ea sit dolor beatae illum laudantium.</p><p>Cumque aut magnam aliquid aliquam voluptatem nihil. Aperiam dicta ab non laborum ut maxime delectus. Quod dolorum ipsa modi temporibus sit dolores. Inventore sint aut dolor aliquid quos aut architecto tempora.</p>', '2020-04-12 19:19:33'),
(238, 49, 'Étienne Bonneau-Leclercq', '<p>Rerum ipsum est est aliquid quam. Aut quibusdam tempore nam et. Praesentium architecto minima suscipit ut libero ipsa maiores. Veritatis aut veritatis id aliquid.</p><p>Recusandae ullam nisi eos in et. Voluptate ullam repellat voluptatem eligendi quo quis numquam qui. Sed assumenda voluptatibus hic dolore voluptatem expedita. Voluptatem harum quisquam sequi sit eaque voluptatem.</p>', '2020-04-01 20:47:45'),
(239, 49, 'William Lesage-Guillou', '<p>Voluptatem quod et ipsa at ad et. Vitae animi ut optio tenetur velit sit quam. Et quaerat iusto veniam id hic porro. Et aut rem et amet. Aut mollitia consequatur et saepe.</p><p>Exercitationem est vel iste sit. Aut hic molestiae ipsum saepe ut odio. Asperiores veritatis error consectetur voluptas quia voluptatem.</p>', '2020-04-03 18:24:57'),
(240, 49, 'René Le Fernandez', '<p>Tenetur pariatur officia pariatur aut fugit sit perferendis. Beatae voluptas consectetur possimus.</p><p>Cum sint cupiditate a rerum perferendis ullam. Dolores asperiores rerum quo consequuntur dolorem. Ex autem quaerat est.</p>', '2020-04-29 02:17:48'),
(241, 50, 'Claudine Thibault', '<p>Qui voluptatem autem neque consequatur placeat ullam debitis. Provident rerum ut a a adipisci. Optio nulla sequi qui quo rerum. Veniam rerum nemo maxime provident non.</p><p>Est maxime sed ullam aut rerum placeat cum. Molestiae quas maiores dolorem voluptates explicabo.</p>', '2020-04-09 13:38:01'),
(242, 50, 'Pauline du Barbier', '<p>Qui maiores vero voluptas vero id atque. Dolore numquam rerum magnam voluptatibus. Impedit hic quo cupiditate illo adipisci.</p><p>Consequatur esse et alias voluptatem. Inventore aut reprehenderit fugit neque. Esse error aspernatur rerum occaecati numquam quod id. Explicabo aut dignissimos velit et consequatur fugit.</p>', '2020-05-02 17:19:39'),
(243, 50, 'Inès de Pires', '<p>Possimus velit corrupti beatae eum non ut. Laborum veniam eos facilis unde soluta. Voluptatibus cumque amet et et eum voluptatibus quae. Reiciendis quasi debitis quia aperiam hic velit tempora.</p><p>Quia voluptatum veritatis quo alias ducimus voluptates aut necessitatibus. Aperiam aut saepe autem sequi qui amet. Neque totam facere minus molestias et ea repudiandae. Nihil sit qui dicta qui illo mollitia. Rerum at ullam enim et aut.</p>', '2020-04-08 16:25:44'),
(244, 50, 'Lucie Besnard', '<p>Deserunt debitis voluptas illum. Consequuntur impedit dolorum veritatis et animi molestiae. Sed cupiditate ratione velit rem eos beatae sit cupiditate. Doloremque aut alias fugit earum.</p><p>Et earum impedit quibusdam maxime maiores earum. Provident molestiae repellat atque tempore sit. Ut quasi eligendi voluptatibus molestiae reiciendis fuga. Hic nulla laborum eum minus sit.</p>', '2020-04-23 00:40:58'),
(245, 51, 'Zoé Julien', '<p>Sint dolorem qui qui ipsam magni dolorem fuga iusto. Accusamus fugiat ex animi non deserunt blanditiis dolorum qui.</p><p>Deserunt quo modi et odit sit. Quibusdam eligendi sed omnis eos. Aliquid quod omnis enim asperiores rerum consequatur illo. Officia voluptatem eligendi natus voluptate eos quia voluptatibus.</p>', '2020-04-11 15:55:46'),
(246, 51, 'Odette Fischer', '<p>Sint autem eaque et laboriosam beatae. Eveniet et qui sunt qui sed quo. Officiis voluptates et sunt velit veniam. Unde quod officiis nobis eaque dolorum.</p><p>Consequatur debitis ullam omnis mollitia necessitatibus. Et eos qui ut aut autem et et. Dolor laboriosam deleniti est et perferendis doloremque id et. Mollitia distinctio aperiam voluptatem quo.</p>', '2020-03-13 15:58:00'),
(247, 51, 'Thierry Fabre', '<p>Fuga et harum delectus laboriosam doloribus in. Dolore libero expedita cum aliquid ut. Deleniti sint laboriosam at qui cumque error atque ex. Repellendus quos nam dolore nesciunt.</p><p>Quo ipsum ut dolores sit. Nesciunt fugiat deserunt facilis modi. Totam inventore neque rerum nulla ex.</p>', '2020-04-28 05:37:10'),
(248, 51, 'Joseph Verdier', '<p>Perspiciatis quisquam quia et sit aut. Sunt ipsam qui quidem quod id. Et unde est corporis natus incidunt eum cum. Cum nam saepe facilis laboriosam sequi et.</p><p>Tempora aut nemo fugit et consequatur aut. Dolorem eveniet placeat provident eligendi. Quo ut quos voluptatem dolores.</p>', '2020-04-01 13:53:04'),
(249, 51, 'Daniel Guillot', '<p>Cumque deleniti sed et fugiat delectus nesciunt velit. Ad fugiat expedita ipsum fugiat aspernatur voluptatibus sunt ipsum. Accusamus eligendi voluptatem sit molestiae. Deserunt blanditiis molestias ipsam soluta deleniti aut perferendis.</p><p>Voluptates laborum rem ut soluta porro ea. Repellat saepe qui sed iste. Repudiandae incidunt ratione sint voluptatem hic. Ut aut repellat suscipit voluptates non. Vero officiis harum nobis minus veniam eum officia.</p>', '2020-04-14 17:09:32'),
(250, 52, 'Élise Pages', '<p>Quia sed quia reprehenderit et reiciendis. Debitis illo totam harum quaerat ipsum excepturi reiciendis. Quo et numquam corrupti omnis.</p><p>Quia ipsum autem voluptas commodi ab. Qui nisi maiores ea ut. Nemo architecto rerum numquam nam dolores impedit magni.</p>', '2020-04-30 10:16:34'),
(251, 52, 'Michelle Costa', '<p>Aut et officiis ut omnis. Cumque animi eligendi natus. Similique magnam ducimus repudiandae voluptas.</p><p>Eius iusto unde voluptas ea fugiat eligendi. Ullam quis sit quae natus repudiandae et. Quis perspiciatis sint autem nam est. Dolores aspernatur maiores sunt officia aperiam magni. Quo officiis non pariatur ex.</p>', '2020-04-09 07:37:33'),
(252, 52, 'Vincent Guyon', '<p>Tempora deserunt quasi sit tenetur sequi doloribus. Et dolorem ut culpa est.</p><p>Ratione eligendi sed quam ratione quo harum. Nesciunt quis et voluptatum dolor. Nesciunt est commodi et est est voluptatem.</p>', '2020-04-16 16:09:52'),
(253, 52, 'Marianne Hoareau-Gerard', '<p>Quibusdam tenetur quia blanditiis est veritatis et enim. Ut quisquam non sed amet facilis dolorem. Eligendi odio esse aperiam iure est consequuntur quidem. Recusandae autem quod omnis at dolores esse amet.</p><p>Unde ratione officiis aliquam dolorum. Molestiae porro aspernatur velit qui minus quo veniam. Deleniti non eum iste omnis repudiandae minus.</p>', '2020-04-19 12:08:20'),
(254, 52, 'Andrée Munoz', '<p>Accusamus recusandae in quo amet doloremque hic expedita. Est temporibus provident eos quo perferendis harum. Delectus assumenda sint quidem quod voluptatum sint in.</p><p>Quo incidunt nihil nulla aliquam. Aliquid et consequatur fuga tenetur voluptas. Quos maiores iste voluptate est dolorem.</p>', '2020-04-21 06:41:27'),
(255, 52, 'Valentine Lacroix', '<p>Veniam suscipit et est aperiam porro autem iste. Veritatis molestiae accusamus possimus laboriosam pariatur. Eius fugiat aliquid voluptatem officia quasi dolores. Tenetur doloribus est facilis eaque quod repellendus.</p><p>Ut nostrum ea a et architecto. Necessitatibus incidunt mollitia occaecati. Quo maxime sequi dignissimos eveniet ab tempore sed. Quia reiciendis quo suscipit laborum et odio aut. Sint corporis voluptatem esse ab.</p>', '2020-05-03 12:50:27'),
(256, 53, 'Adélaïde Le Gall', '<p>A cupiditate qui facere rerum quo. Recusandae optio provident omnis similique sed mollitia. Quos minus ut doloribus nihil doloremque et illum. Molestias dolores tempore exercitationem dignissimos quia.</p><p>Consequatur voluptatem optio consequatur consequatur possimus consequuntur. Libero commodi provident laudantium earum ut doloribus. Quod asperiores aspernatur alias.</p>', '2020-04-01 21:35:30'),
(257, 53, 'Lucie-Dorothée Adam', '<p>Omnis vel quia maxime id quaerat. Velit est dolor magni error quod corporis dolor quaerat. Impedit unde numquam consequatur sint.</p><p>Nobis voluptatem commodi minima id in. Beatae perferendis enim qui iusto sequi eum. Inventore rem voluptatem nostrum reiciendis hic culpa voluptates.</p>', '2020-04-11 00:17:51'),
(258, 53, 'Diane Navarro', '<p>Laudantium atque aut consequatur recusandae fuga et. Quasi delectus reprehenderit harum nesciunt porro velit et nihil. Cupiditate necessitatibus fuga laboriosam maxime itaque soluta. Veritatis est voluptate nemo corporis assumenda ut.</p><p>A id repellendus fugiat voluptatum. Rem laborum nihil accusamus ab voluptatem.</p>', '2020-04-14 10:17:41'),
(259, 53, 'Anouk Leroy', '<p>Non doloremque illum natus expedita. Quas commodi dolorem non neque consequatur magnam commodi. Delectus enim vero cupiditate perspiciatis.</p><p>Qui est mollitia eaque facilis in est alias. Quae esse provident modi omnis inventore molestiae at sed. Sunt aut nihil in. Nihil qui quia aut esse maxime. Ducimus tenetur placeat est laudantium dolorem eveniet sed.</p>', '2020-03-30 22:49:21'),
(260, 53, 'Denis du Charles', '<p>Ea recusandae corrupti accusantium quae. Neque amet dolores officiis blanditiis facilis cumque. Maxime deleniti sit cum error et provident. Eos ex dolor natus veniam.</p><p>Ut et aut eos nobis et cumque repellat ipsum. Ullam cum expedita in possimus suscipit voluptas velit. Itaque cum repellat animi praesentium ea. Quis voluptates eos et sed.</p>', '2020-04-07 10:43:54'),
(261, 54, 'Capucine Baudry', '<p>Quas ex a quia quaerat deserunt enim. Beatae ex esse ut quia.</p><p>In voluptatem et aut explicabo. Reiciendis quibusdam qui quisquam autem ut. Nesciunt et exercitationem mollitia modi eum.</p>', '2020-03-05 13:10:54'),
(262, 54, 'Benoît Voisin', '<p>Architecto dolorum commodi ut sunt eligendi. Aut ut quod quae reiciendis. Voluptatibus sed minima at exercitationem et minus.</p><p>Autem et quam qui quaerat. Itaque voluptatum nobis est aut occaecati est magnam.</p>', '2020-04-30 15:56:10'),
(263, 54, 'Manon Le Chauvin', '<p>Aut quo reprehenderit quidem harum dolor qui. Omnis harum magni qui temporibus. Ullam magnam consequatur neque.</p><p>Et consequuntur reiciendis voluptas ducimus. Doloribus rem molestiae dolore quis. Possimus et est hic eaque necessitatibus soluta. Laboriosam numquam repellendus est inventore et ipsum qui.</p>', '2020-03-06 02:25:49'),
(264, 54, 'Simone Petitjean-Devaux', '<p>Et consequuntur debitis error ut id enim. Dolore maxime dolor fugit. Molestias illum quis quis illo voluptatem omnis unde.</p><p>Laboriosam enim est animi cupiditate nam explicabo enim. Beatae tempore et in doloribus dolore libero. Neque non et quo quis quo. Inventore accusamus quos quo perferendis ut dolores.</p>', '2020-05-05 19:15:09'),
(265, 54, 'Paul-Hugues Gaudin', '<p>Dolor eos eum aliquam fugiat. Veniam dolore aliquid illum. Voluptatem corporis omnis aut velit ipsam et modi.</p><p>Aut quisquam veritatis numquam enim qui molestiae. Aut quis aliquid sunt maiores aut aperiam. Quas fuga facilis qui repellendus est. Nam in asperiores autem sit quia est quia.</p>', '2020-03-05 07:17:14'),
(266, 55, 'Nathalie de Lambert', '<p>Placeat in exercitationem fugit et. Ratione non perferendis qui. Reiciendis eos eius quia et.</p><p>Molestiae quod deserunt nihil non sequi eius. Quis et iure in delectus nostrum. Ad reiciendis magnam aut non. Autem sapiente sit odit rem dolorum temporibus vel.</p>', '2020-02-29 04:40:49'),
(267, 55, 'Luce-Suzanne Morel', '<p>Enim corporis dolor quia tempore rerum neque. Quos aut recusandae molestias recusandae aspernatur hic. In temporibus veritatis doloribus voluptatibus. Deleniti modi sed autem consectetur fugiat.</p><p>Praesentium qui inventore impedit at natus accusantium architecto. Tempore eum ducimus sint voluptate voluptate illo eveniet voluptas. Aliquid repudiandae iusto ut perferendis eaque totam sit velit.</p>', '2020-03-18 02:08:52'),
(268, 55, 'Robert-Robert Besnard', '<p>Sed molestiae praesentium molestiae veritatis eius vel. Atque explicabo veniam consequatur ab ab. Dolores et animi consectetur quo doloremque.</p><p>Architecto quaerat qui eos odit vero. Recusandae a iste recusandae. Quia odio rerum consequatur non aut sint commodi.</p>', '2020-04-03 20:09:11'),
(269, 55, 'Jean Vidal', '<p>Nihil in adipisci nisi et. Consectetur cupiditate magni ipsum voluptatibus placeat. Eos aliquid commodi aut ad. Blanditiis iste autem repudiandae laborum est.</p><p>Animi est quaerat voluptas corporis laboriosam laboriosam maxime. Asperiores totam illum voluptatem.</p>', '2020-03-30 13:30:21'),
(270, 55, 'Adrienne Payet', '<p>Sed aut et rerum est. Ut qui non eos facilis debitis. Voluptatibus non iusto saepe laboriosam aut suscipit eos dolorem. Neque quam doloribus consequatur laborum officiis quod eligendi.</p><p>Fuga iure ratione unde consequatur vero. Quia minus sed harum eaque consequatur non quas. Possimus in qui velit.</p>', '2020-03-16 15:28:34'),
(271, 55, 'Raymond Turpin-Gallet', '<p>Qui modi quia vero omnis rerum adipisci. Porro omnis doloribus aut. Nemo accusamus sunt qui eum. Sint ipsam voluptas itaque. Numquam qui sequi aliquam pariatur eos quaerat quo.</p><p>Veniam aliquid aut voluptas architecto nostrum. In eos quaerat iusto soluta commodi unde.</p>', '2020-04-05 21:36:39'),
(272, 56, 'Luc Sauvage', '<p>Dolorem at voluptatem omnis culpa quas totam. Sit earum eligendi laudantium unde occaecati delectus. Beatae et et iste totam illo fugit molestiae. Ea quidem voluptas quae illum dolorum.</p><p>Vel est quo repellat sit vel illum. Eligendi et eum quia corrupti nemo ab. Officiis sed aut laudantium pariatur est atque.</p>', '2020-05-05 03:20:01'),
(273, 56, 'Aurore Ferrand', '<p>Debitis hic dignissimos explicabo rerum veritatis ea est. Doloribus eveniet nulla enim voluptatem est. Est est consequatur quis.</p><p>Perspiciatis asperiores et beatae alias non ullam. Possimus voluptas ut rerum aut necessitatibus. Eos quia totam hic blanditiis voluptates eligendi molestias. Et in adipisci repudiandae magni optio reprehenderit.</p>', '2020-05-02 15:54:47'),
(274, 56, 'Michelle Toussaint', '<p>Pariatur dolorum consequuntur ut vel quisquam. Perspiciatis ducimus non corporis consequatur vel laborum quia. Exercitationem omnis adipisci qui reiciendis soluta.</p><p>Molestiae sit et sed eum provident enim qui pariatur. Aspernatur ratione itaque aut ea occaecati. Nam officiis nisi voluptatibus quibusdam.</p>', '2020-05-01 03:12:56'),
(275, 56, 'Sabine Goncalves-Lamy', '<p>Commodi eos tempora sed dolores incidunt ab fuga aut. Necessitatibus hic unde magnam alias nemo.</p><p>Quos itaque quo sint quasi. Pariatur amet delectus quas id cumque eos. Reiciendis quaerat at quia. Omnis hic amet maxime expedita et voluptatem omnis.</p>', '2020-05-05 06:45:45'),
(276, 57, 'Capucine Maillet', '<p>Culpa eveniet beatae est quidem sint. Debitis deleniti neque quo corrupti itaque doloremque. Velit distinctio deserunt velit.</p><p>Ut illum omnis repellendus consequatur. Dolor laudantium nostrum perferendis assumenda quia quia voluptatum.</p>', '2020-02-28 22:43:16'),
(277, 57, 'Stéphane Marchal', '<p>Vitae voluptas dignissimos aliquam enim exercitationem iusto ea. Adipisci voluptas maxime nostrum amet laudantium. Ipsa dolores et explicabo rerum nihil ab. Quibusdam et occaecati maxime enim eius sunt.</p><p>Magni aut ipsa assumenda atque dolorem. Tenetur et veniam quo alias tempore. Ex id cum quis vero tenetur earum et voluptas. Ut quo eveniet iste ea.</p>', '2020-05-01 05:55:42'),
(278, 57, 'Lucy-Odette Julien', '<p>Id qui aut ea magnam. Nobis et ab fugit labore voluptatem quaerat. Sit illum et facere quibusdam reprehenderit.</p><p>Dolorem quidem veritatis commodi qui. Architecto qui velit minima non necessitatibus qui. Illum aliquam adipisci quisquam quaerat.</p>', '2020-03-01 23:36:58'),
(279, 57, 'Charles Langlois-De Oliveira', '<p>Sed quo ipsa quasi rerum soluta. Quas molestiae recusandae fuga dolor nulla velit dolor ut. Tenetur et omnis quas et. In illum qui ut officia ullam sit dolorum itaque.</p><p>Ipsam voluptas temporibus eaque cum est dicta voluptates. Omnis ut et optio aut dolor delectus. Dolor doloremque doloremque ea. Nesciunt sint voluptates est deserunt commodi assumenda inventore.</p>', '2020-04-07 12:01:21'),
(280, 58, 'Simone Jean', '<p>Autem dicta ab et animi. Rem sed culpa laborum qui tempora non. Itaque inventore qui molestiae eum.</p><p>Atque repudiandae aut officia mollitia. Vel ut voluptatem similique est et quo. Quam ut iure quae quaerat qui.</p>', '2020-04-01 09:06:48'),
(281, 58, 'Henriette Weber', '<p>Sunt expedita minima non. Tempora perspiciatis eos sed dolorem. Tempore est reiciendis qui inventore voluptatem quaerat. Voluptate natus consequatur architecto illum fugiat sunt voluptas.</p><p>Dicta dolores quasi praesentium non reiciendis quia. Eos iusto dolorem dolorum vitae itaque.</p>', '2020-04-22 00:56:51'),
(282, 58, 'Théophile Joseph', '<p>Possimus id impedit magni quod. Ipsam provident assumenda sed ad quia. Corrupti saepe molestiae voluptates ipsa. Eum atque nesciunt sed deleniti debitis deleniti alias.</p><p>Et non quo quaerat est laboriosam et voluptatem. Officia corporis sapiente voluptatem fugit dolor voluptatem.</p>', '2020-05-04 19:08:03'),
(283, 58, 'Marianne Lopez', '<p>Exercitationem odio et in eligendi ab. Aliquam aut exercitationem ea dicta minima ut temporibus. Dolores magni possimus tempore omnis incidunt.</p><p>Et voluptatem accusantium qui ipsa. Aut ducimus nulla aut possimus sit eos et minima. Molestias minus autem repellat est odit eveniet facilis. Non officiis dignissimos veniam non eum. Veniam dignissimos illo delectus nostrum odio quidem.</p>', '2020-04-25 15:53:09'),
(284, 58, 'Jacques Schneider', '<p>Minus possimus cupiditate dolorem. Unde nam enim fugit sit fugiat. Consequuntur at quis fugiat vero similique. Quidem sit qui similique quasi quam laborum.</p><p>Eum soluta perspiciatis eaque praesentium et eligendi. Qui quia voluptas quia sed. Quia molestiae eveniet saepe ea. Sint voluptatem doloremque doloremque qui sapiente ut. Hic aut nemo est id ut qui.</p>', '2020-04-16 13:16:14'),
(285, 59, 'Anaïs de la Berger', '<p>Quo ipsam eligendi nihil voluptatum eaque porro. Esse alias sapiente necessitatibus voluptatum. Dolorem ex ipsum earum magnam et nesciunt quia.</p><p>Dicta nostrum autem et ex voluptas. Sit maiores quod id. Fuga blanditiis ab sed odio nesciunt vero dicta. Quasi excepturi blanditiis dolores consequatur quia.</p>', '2020-04-14 12:23:47'),
(286, 59, 'Paulette Foucher', '<p>Magnam ipsa libero et qui eveniet numquam. Corporis velit omnis sint fugiat repellat. Est ut soluta accusantium tempora laboriosam expedita. Sit unde ipsa officia saepe mollitia.</p><p>Est doloribus quia suscipit delectus qui id. Ut laudantium et odit aperiam tenetur itaque. Molestiae possimus sequi ut suscipit aut.</p>', '2020-04-21 02:32:24'),
(287, 59, 'Émile Samson', '<p>Autem libero aut corporis non eligendi. Autem voluptatum molestiae cumque illum. Aut aliquam numquam nihil vel modi nesciunt et. Reiciendis dolorum accusamus eos mollitia quo.</p><p>Aut ducimus iusto est et numquam exercitationem. Adipisci dolorem vel est consequatur ipsa placeat aliquam.</p>', '2020-04-01 05:52:23'),
(288, 59, 'Adélaïde de la Pinto', '<p>Expedita explicabo nemo aliquid aut sit atque quasi. Veritatis eveniet cupiditate non est ea. Et dolore est excepturi voluptatum. Voluptatum voluptas blanditiis eius dolores praesentium fuga.</p><p>Et aliquam et voluptatem rerum. Aut officia porro esse voluptas fuga voluptas. Ratione aut culpa quidem a officia consequatur aut.</p>', '2020-05-06 10:55:50'),
(289, 60, 'Luce-Laurence Lebrun', '<p>Quam et cum autem possimus. Ut ex aut et eaque dolor odit.</p><p>Tempora rem impedit et. Aut quae corporis fugit.</p>', '2020-04-20 19:28:29'),
(290, 60, 'Olivier-Adrien Pruvost', '<p>Qui et officia aut placeat. Eaque ut porro est quasi illum in ut. Dolorem numquam tempora laudantium itaque enim. Ea illo aut qui animi.</p><p>Eligendi laudantium enim quia. Et repellendus enim officiis maxime ea. Corporis pariatur mollitia quasi dolorem qui iste rerum.</p>', '2020-04-30 02:54:24'),
(291, 60, 'Victor Caron', '<p>Ea sed distinctio repudiandae laborum voluptate. Sit a et vero delectus autem quos. Asperiores id debitis rerum et officia est esse.</p><p>Nam ut sed magni aspernatur qui ex consequatur. Aut maiores autem aut nesciunt earum magnam. Quos ipsa optio molestiae quia veritatis rerum. Sint asperiores quis voluptatibus qui doloribus corporis sint. Dolor laboriosam soluta occaecati quisquam.</p>', '2020-05-03 12:07:05'),
(292, 60, 'Théophile-Zacharie Regnier', '<p>Aliquid sed voluptas consequatur cum voluptate. Rerum ipsum veritatis quod velit cum. Ducimus eum quaerat non cum recusandae unde.</p><p>Numquam vitae veritatis vitae laudantium. Totam tempore et nihil. Molestiae tenetur voluptatem recusandae expedita assumenda. Eos magni neque fuga nihil culpa harum.</p>', '2020-04-21 00:24:56'),
(293, 60, 'Hortense Adam', '<p>In qui ea quisquam nisi omnis quidem ut et. Labore unde voluptas unde ut maxime provident. Incidunt excepturi sit sit ratione. Quis quos tempore est consequatur libero nesciunt quis.</p><p>Veniam laboriosam debitis nihil qui suscipit. Libero sapiente quia quo aliquid cumque. Natus nesciunt ullam repellat velit nihil eligendi iste. Ut eum aut iste rerum facere inventore error sint.</p>', '2020-04-19 21:58:38'),
(294, 61, 'Manon Faure', '<p>Sed explicabo doloremque eius aperiam non illum tempore. Reprehenderit et quia et ipsa pariatur velit. Qui amet cum eius.</p><p>Facere minima hic ut fuga a facere itaque. Fugiat ut autem qui quam est debitis nobis.</p>', '2020-05-02 01:08:52'),
(295, 61, 'Célina Nicolas', '<p>Saepe delectus dolorem tempora dolor eveniet. Saepe excepturi amet fugiat id voluptatem. Tempora in suscipit et ex. Aut tempora voluptas voluptas nesciunt voluptas consequuntur. Qui veniam amet neque reprehenderit.</p><p>Nisi voluptatem aut molestiae sed aut. Itaque minus qui suscipit officiis consequatur et excepturi. Sapiente et quaerat sed ratione molestiae omnis quam. Earum inventore quam rerum dolorem et voluptas.</p>', '2020-05-02 07:57:13'),
(296, 61, 'William Carpentier', '<p>Quis voluptatum voluptatem odio. Voluptatibus commodi exercitationem sit vel sunt. Ut maiores alias et animi.</p><p>Est cupiditate nemo et aspernatur enim voluptas praesentium. Aliquid dolores et magnam quia. Illo commodi quaerat autem ut ea quo sapiente. Totam officia nemo sed esse voluptas aut dolor.</p>', '2020-04-21 22:16:56'),
(297, 61, 'Rémy Charrier-Hoareau', '<p>Quae repudiandae reprehenderit quia reiciendis nulla qui. Quam consequatur omnis iure.</p><p>Sit quia qui sunt ratione ut nihil. Atque sed qui reiciendis rem. Non nobis beatae tenetur nostrum maiores sed.</p>', '2020-04-30 00:10:35'),
(298, 62, 'Daniel-Zacharie Guillet', '<p>Unde esse ut rem tempore facere corporis doloremque animi. Culpa aut quod perferendis aliquid natus aut. Eos consequatur labore corporis reiciendis facilis.</p><p>Fugiat quis qui assumenda esse deserunt adipisci. Autem aut cupiditate assumenda atque illum quisquam. Dolorem cumque laborum rerum consectetur temporibus optio non.</p>', '2020-02-29 17:25:48'),
(299, 62, 'Aimée-Hortense Clement', '<p>Quibusdam dolorem distinctio eveniet rem nihil voluptas. Placeat reprehenderit tempore magni consequatur. Molestias voluptas deserunt sed voluptatibus. Vel maiores aut voluptas sunt.</p><p>Est et doloribus reprehenderit id aut. Dolor consequatur eum dolorum aut quasi architecto voluptatem. Dicta qui fugiat dolor. Ut officia aspernatur voluptas aut dignissimos et tempora repellendus.</p>', '2020-04-08 04:23:33'),
(300, 62, 'Eugène Vallee', '<p>Assumenda quia consequatur quis explicabo. Nihil quas voluptate similique impedit similique. Minus accusamus tempora labore amet aut occaecati quisquam. Facere sunt aut culpa quae dolor doloremque.</p><p>Non nulla vel tenetur eos labore magni. Autem voluptatem qui magnam nisi necessitatibus. Incidunt nihil aut dolorem provident ex ut vel. Nobis dolor nemo sed nostrum vitae natus et vitae.</p>', '2020-03-18 11:30:03'),
(301, 62, 'Nicolas Gauthier', '<p>Ducimus quasi labore est hic sunt. Facilis nemo et dolores quas et quo.</p><p>Est nam quaerat fugiat. Qui ut deserunt eaque voluptatem sit eius cupiditate. Vitae voluptatem doloremque minus beatae porro cumque.</p>', '2020-04-05 17:43:37'),
(302, 63, 'Gilbert Lefort-Barre', '<p>Repudiandae illum soluta eos libero est quasi. Soluta quis recusandae sit facere autem. Eos temporibus facere est repellat qui molestiae aut labore.</p><p>Inventore sit dolores qui aspernatur vero. Consequuntur praesentium incidunt quia nemo velit autem maiores eveniet. Quaerat nulla ut qui molestiae. Fuga perspiciatis soluta numquam alias.</p>', '2020-03-14 21:46:34'),
(303, 63, 'William Blanc', '<p>Fuga quo incidunt ipsam est itaque vel. Eum id dolor ipsum unde maiores esse. Amet corrupti fugiat magni fugit blanditiis est hic provident.</p><p>Non facere odio et officiis quasi tempora eius maiores. Est laudantium quae non exercitationem.</p>', '2020-03-28 11:43:55'),
(304, 63, 'Jeanne Roger', '<p>Consequatur libero expedita quaerat omnis incidunt sint. Et ea praesentium perferendis at ipsam in. Sint laboriosam quo est vel dolor. Et maiores amet alias commodi velit mollitia tempora.</p><p>Doloribus aut omnis officiis iusto quia praesentium. Inventore magnam dignissimos blanditiis. Eveniet cum officia dolore ut qui reprehenderit et. Cum error reiciendis accusamus ex iste et.</p>', '2020-03-21 21:44:12'),
(305, 63, 'Nicolas Neveu', '<p>Ipsum molestias aut tenetur et quidem. Ea tempora magni rerum et veniam. Minima et incidunt nihil deserunt rerum est.</p><p>Et modi inventore error molestias. Architecto dolorem consequatur dicta dolorum aut adipisci quibusdam corporis. Delectus illum corrupti ut magni vel. Quis neque aut eum velit inventore sint excepturi deleniti.</p>', '2020-04-18 23:19:29'),
(306, 63, 'Anne Thierry', '<p>Vero et qui ut et eos. Maiores aliquid nihil nemo illo est dolor et rerum. Quo vitae corporis et rem nobis aut qui deleniti. Ea provident in ad.</p><p>Sit omnis perferendis dolor voluptatem quasi voluptatibus excepturi. Omnis magni consequatur aspernatur. Amet accusantium et voluptatibus quia blanditiis. Inventore optio dolores dolores.</p>', '2020-04-06 01:08:27'),
(307, 64, 'Pauline-Maryse Tanguy', '<p>Quos voluptatibus ut consequuntur doloremque error. Nihil et modi quo qui sapiente. Maiores in ut sequi incidunt repudiandae exercitationem corrupti iste.</p><p>Ut saepe reprehenderit saepe et animi. Ex velit est unde. Omnis dolores quaerat fugiat modi dicta deleniti.</p>', '2020-03-22 02:56:29'),
(308, 64, 'Noël Le Labbe', '<p>Omnis ut delectus mollitia ex. Exercitationem nisi aut corporis et unde officia porro. Architecto quod ea eaque illo fugit ut.</p><p>Error possimus non et sint est. Repellat mollitia quae consequatur enim voluptatibus ut nostrum repellendus. Impedit natus voluptatum dolorem fugit. Aut et dolor officia nihil.</p>', '2020-03-30 05:22:25'),
(309, 64, 'Tristan de la Dos Santos', '<p>Esse aliquid nulla inventore repellendus et. Deserunt quis nobis quae eveniet labore. Incidunt non accusantium qui vero non quia.</p><p>Repudiandae quia consectetur non labore. Dolorem itaque dolorem qui quo ut quam. Ab ratione atque et nihil aliquam quo qui. Harum eligendi voluptas sed alias labore iste.</p>', '2020-04-30 20:00:28'),
(310, 64, 'Denis Blondel', '<p>Aut voluptatem et exercitationem laboriosam nesciunt occaecati delectus. Modi voluptatem voluptatibus sed nihil quaerat laborum nemo. Vel ut in accusamus iure illum ut possimus.</p><p>Saepe velit aut et ea aliquid. Quia blanditiis reiciendis et corrupti ullam accusamus.</p>', '2020-04-30 11:20:58'),
(311, 65, 'Zacharie-Lucas Lecomte', '<p>Eum dolorem commodi quisquam esse ut nisi. Magnam perspiciatis suscipit laboriosam quas esse amet molestiae. Dolores eos odit nihil eius sed debitis consequatur. Ut consequatur modi quas incidunt.</p><p>Tenetur asperiores possimus sit iste nesciunt ut labore. Qui quaerat dolorem iste neque occaecati fugiat quos. Culpa inventore nihil omnis non sit delectus omnis enim.</p>', '2020-05-01 06:54:48'),
(312, 65, 'Guillaume Paul', '<p>Et impedit eum nulla quia optio expedita. Nesciunt qui eum odit facilis.</p><p>Quis repudiandae libero culpa consequatur eos ab qui qui. Molestiae officiis aliquid sint reiciendis ut. Doloribus dolor omnis illum quis deserunt. Minus quam voluptas ut corporis suscipit nobis eveniet reprehenderit.</p>', '2020-04-07 20:55:29'),
(313, 65, 'Roger Delmas', '<p>Et sequi nemo laudantium aut. Est dolores repudiandae eum adipisci. Neque debitis cumque quae dolor. Accusamus ipsa soluta totam fuga dolor.</p><p>Sed corrupti velit voluptatem aut qui in perferendis. Necessitatibus dolor dolor nam eum ut. In vel neque ipsa beatae omnis ut. Tempore ex mollitia fuga ut amet dolorem.</p>', '2020-03-31 08:03:02'),
(314, 65, 'Patricia Delaunay', '<p>Rem commodi qui et rerum nam architecto. Ut voluptatem quam qui et id natus consectetur. Mollitia excepturi corporis ut excepturi. Quia odit maiores quia eos aperiam.</p><p>Ab similique nulla vel deserunt unde recusandae. Ut qui iure qui deserunt placeat quia ut. Eum ea deserunt aliquid nihil libero. Sequi rerum facere eveniet commodi voluptatem quia consequatur quia.</p>', '2020-04-27 19:06:57'),
(315, 65, 'Brigitte Carlier', '<p>Unde voluptatum consequatur debitis saepe. Et dolorem nisi soluta in amet. Soluta est minus voluptatum sint eligendi vel reiciendis quam. Vel voluptatem veniam assumenda.</p><p>Odio commodi voluptates laudantium temporibus reiciendis. Consequatur id incidunt eum. Sit repellendus deserunt unde consequatur velit praesentium culpa atque. Voluptatem quas nihil eos facere et sit.</p>', '2020-03-31 03:45:38'),
(316, 65, 'Célina Moulin-Blot', '<p>Enim officia molestiae rerum velit libero sed et. Qui doloremque est impedit nam sed fugiat dolorum. Quidem rerum aperiam repellat autem dolorem.</p><p>Rerum voluptates animi culpa optio voluptatem aut voluptatem. Nobis nostrum distinctio nobis rem ipsa aut et. Sunt eum unde debitis praesentium incidunt. Nostrum explicabo vel dolorum officiis et amet.</p>', '2020-04-01 22:02:34'),
(317, 66, 'Christiane Munoz', '<p>Pariatur iusto ut esse voluptate. Cupiditate quia quod ea nisi quis impedit. Sint eveniet qui nihil quae. Temporibus aut fugiat libero non modi temporibus.</p><p>Voluptas natus velit eius omnis vitae sed. Harum dolore tenetur similique cum. Quasi adipisci et quia aut iusto aut est. Sit hic voluptatibus laborum consequatur et a quia.</p>', '2020-04-26 01:46:40'),
(318, 66, 'Bertrand-François Roussel', '<p>Voluptatem velit vitae et quo tempore sint excepturi. Corporis placeat suscipit rerum assumenda officia ut occaecati tempore. Eum nobis nulla molestiae maiores. Consequatur in iure distinctio voluptatem sint non.</p><p>Velit alias aut et et non quos nihil. Eveniet perspiciatis amet a nobis magnam. Dolores quia vel quae veniam.</p>', '2020-04-30 19:54:51'),
(319, 66, 'Constance Michaud', '<p>Quam nobis vel recusandae. Ut distinctio qui voluptates qui. Rem sed velit soluta.</p><p>Quia aspernatur quo ea impedit blanditiis. Voluptatem quos tempora odio rerum. Reiciendis animi quae omnis praesentium. Nisi sed reprehenderit omnis nam rem.</p>', '2020-04-22 08:01:22'),
(320, 66, 'Anastasie-Virginie Lucas', '<p>Quia maxime commodi in magnam rerum expedita facilis. Asperiores ut quia rerum nostrum. Quia quis nihil quaerat dolorem maxime. Aut saepe repellat ut. Ea optio sit quia sit tenetur pariatur aliquam.</p><p>Eaque recusandae blanditiis ut temporibus eligendi harum saepe. Iusto vero inventore occaecati iste dolore. Non deleniti omnis fuga saepe.</p>', '2020-04-25 16:49:01'),
(321, 66, 'Margaret Delmas', '<p>Cumque quod ut expedita possimus sequi nisi. Nobis dicta corrupti voluptatibus quibusdam. Quos veniam culpa et tenetur ex fuga.</p><p>Autem facere vel est quae autem. Est ut ipsum excepturi magnam corrupti. Et velit quis quia quas perspiciatis qui aut.</p>', '2020-04-13 23:36:34'),
(322, 67, 'Marcelle Dubois', '<p>Voluptas ipsum recusandae ut excepturi. Excepturi qui nihil minima sit reiciendis aut tempora natus. Est eveniet qui cum atque sunt facilis cumque ea.</p><p>Est eos ratione neque occaecati omnis natus sit. Non ipsum porro aut aliquam ea consequatur blanditiis. Aspernatur ut molestias pariatur in.</p>', '2020-03-05 12:27:05'),
(323, 67, 'Denis Baudry', '<p>Molestiae modi quis vero voluptatum. Consequatur esse voluptatem hic suscipit minima rerum quasi. Aut quis sint ad ut.</p><p>Non in sit sint dolor voluptas. Dolores molestiae numquam sint explicabo sunt fugit quo culpa. Quia consequatur et debitis quidem provident eos. Hic eos hic sunt voluptas nihil sunt.</p>', '2020-03-16 12:05:54'),
(324, 67, 'Robert Thibault', '<p>Molestias aut soluta et quo dolor et. Neque sit deleniti sit et iure et repudiandae. Voluptas hic consectetur vel nihil soluta voluptas libero sint.</p><p>Fugiat unde et est. Aut magni aut ut assumenda. Error et corrupti quaerat.</p>', '2020-03-17 03:28:07'),
(325, 67, 'Élodie Carpentier-Pineau', '<p>Iste et possimus neque delectus. Facere tempore commodi sapiente hic. Dolor laboriosam id magnam maxime voluptatem.</p><p>Quam esse et neque necessitatibus autem sunt. Totam facilis reprehenderit atque dolor cupiditate qui dicta. Repudiandae unde sint rerum exercitationem officia explicabo autem. Ipsa inventore neque repellat a.</p>', '2020-03-22 03:10:31'),
(326, 67, 'Inès Richard', '<p>Veniam sunt rerum molestiae in. Blanditiis quos quae quibusdam aut eaque est. Ut modi blanditiis vero aspernatur non recusandae. Et nam delectus vero consequatur accusantium.</p><p>Laboriosam numquam eius vero doloribus cumque et officia. Perspiciatis cumque praesentium alias dolorem vel eligendi.</p>', '2020-02-29 17:38:51'),
(327, 67, 'Sébastien Robert', '<p>Enim totam consectetur incidunt. Eveniet voluptatem accusamus ea atque qui neque.</p><p>Quas voluptas sunt nostrum et quam aut occaecati. Dolorem assumenda fuga quos dolores aliquam. Repellendus fugiat ratione libero cupiditate maiores.</p>', '2020-04-24 12:57:21'),
(328, 68, 'Christiane-Michelle Henry', '<p>Porro minus qui omnis explicabo fugit aut sunt. Aperiam quia delectus beatae eaque eligendi quas et. Magni ut ea molestias eos.</p><p>Odit praesentium sunt velit maiores sed fugit tempora cumque. Dolor non aperiam molestiae. Quis pariatur minus nulla rerum repellendus laborum quasi. Eos quo fuga vitae quisquam et.</p>', '2020-03-28 06:56:07'),
(329, 68, 'Tristan Carre', '<p>Rerum sint ab ab voluptatem blanditiis non. Magni quidem est rerum vel alias. Alias nesciunt dolorem suscipit consectetur. Facilis quam molestiae minima at.</p><p>Tempore quia sed error earum ea officiis numquam. Voluptas quasi sit voluptates qui libero. Labore aliquid fugit voluptas non inventore repellat. Magni aliquid nulla veniam ut.</p>', '2020-04-06 14:10:17'),
(330, 68, 'Agnès Baudry-Blondel', '<p>Recusandae nihil et laudantium non. Nesciunt rerum qui iusto recusandae. Molestiae suscipit cupiditate blanditiis illum reprehenderit aliquid eius. Sunt hic omnis qui qui est tempore.</p><p>Natus nesciunt et qui cumque et eos. Dicta dolor quos culpa est distinctio eveniet voluptatem. Aspernatur odit nihil modi unde soluta.</p>', '2020-05-01 08:05:30'),
(331, 68, 'Charles Michel', '<p>Ipsa fuga fugit odit voluptatibus corrupti est quis maxime. Aut numquam aut nihil dolores. Ducimus ipsam aut et est ut voluptatem ut.</p><p>Ut eos quae illum dolor. Harum dolore adipisci quisquam quis nam nulla enim. Aut fuga suscipit minima quod consequuntur aut. Voluptatem fugiat iste est exercitationem similique.</p>', '2020-04-09 02:26:15'),
(332, 69, 'Anastasie Klein-Jacquet', '<p>Consequatur sint nihil sit. Fugit et nisi vel. Ut eveniet rerum dolor beatae.</p><p>Itaque accusantium sapiente fuga repudiandae aliquam harum dolore. Voluptatibus ipsa expedita voluptas nesciunt iste et odio. Voluptatem impedit voluptatem tenetur qui. Consequatur sed aut voluptas expedita.</p>', '2020-04-29 21:59:59'),
(333, 69, 'Alphonse Renault', '<p>Accusamus est sint et et ut. Eos voluptas qui sunt qui voluptates placeat. Sed quod doloribus repellendus dolorem quos. Nihil itaque rem et dicta.</p><p>Tenetur tempore quidem qui atque provident temporibus soluta illum. Ea cumque ea et laborum nihil quam deleniti. Placeat ea et in nulla voluptates enim.</p>', '2020-04-17 09:56:38'),
(334, 69, 'Nicolas Henry', '<p>Autem harum at quas doloribus ad ut facere. Iste doloribus harum est. Harum possimus omnis quia id quos. Molestiae nemo doloremque qui autem fugiat.</p><p>Repellendus deleniti ut dolor esse error consequatur aut. Tenetur enim et omnis quia. Ut praesentium voluptatem blanditiis nobis molestiae neque.</p>', '2020-05-05 01:16:00'),
(335, 69, 'Inès Moulin', '<p>Perspiciatis incidunt doloribus beatae molestiae sit. Quis dolor enim voluptatibus. Ut consectetur quo rerum enim sit dolore harum. Minima pariatur aliquam sed aut nobis numquam dolorem.</p><p>Qui sed deleniti et ab neque corrupti. Excepturi voluptas earum maxime et est molestiae. Rerum est ducimus aspernatur odit animi velit.</p>', '2020-05-01 06:24:40'),
(336, 69, 'Guillaume Brunel', '<p>Quia quod dignissimos et animi amet temporibus voluptatem autem. Earum nam fugit fugit rerum. Sed exercitationem fuga alias nam occaecati itaque quisquam illum.</p><p>Eos doloremque dolores qui nulla. Tempore quia consequatur earum sed dolor totam non. Et aperiam est magni at corporis sit.</p>', '2020-05-07 13:41:28'),
(337, 70, 'Jérôme Le Gall', '<p>Officiis totam consequatur corporis animi qui fuga enim. Mollitia sed odit autem. Modi veritatis cum excepturi perspiciatis dolor aspernatur iure.</p><p>Cumque soluta dolore illo ut blanditiis voluptatibus. Consequatur voluptatibus asperiores laborum. Inventore quasi officia id error omnis rerum in. Recusandae error velit quod sit qui eius.</p>', '2020-05-04 12:25:47'),
(338, 70, 'Aurélie-Aimée Gay', '<p>Iure aut et expedita eius reiciendis. Ut quibusdam inventore eos iusto non atque. Voluptates quam in soluta ullam aut nobis incidunt.</p><p>Ullam voluptatum sapiente distinctio rerum. Possimus nam alias amet est consequatur quidem autem. Maiores pariatur natus odio occaecati aut.</p>', '2020-04-27 03:47:53'),
(339, 70, 'Danielle Dijoux', '<p>Aliquam ex nisi aut ut expedita. Sint facilis maiores aut officiis cupiditate ratione omnis. Fuga cupiditate occaecati aliquam at.</p><p>Aut veritatis quam pariatur sunt. Totam illum nihil occaecati qui aspernatur veniam tenetur. Voluptatum numquam quisquam aliquid dolores sit odit. Officia quibusdam aperiam dolores iste.</p>', '2020-04-24 22:58:06'),
(340, 70, 'Christophe-David Martineau', '<p>Rerum enim et culpa blanditiis molestiae sed. Ea facilis in illo rerum. Ut illo iusto est similique corporis id corporis. Mollitia vel et aspernatur et et vel consequatur. Et voluptatem fugit et voluptas qui corporis doloribus.</p><p>Dolor sunt sequi iure accusantium hic quasi. Est quo dolor nam suscipit. Libero quo molestiae facere quis numquam sapiente aut porro. Quae maiores qui quae nam. Et voluptatem commodi veritatis vero inventore maxime.</p>', '2020-04-25 10:48:45'),
(341, 70, 'Nicolas-Frédéric Buisson', '<p>Exercitationem omnis aliquam consectetur vitae dolores dignissimos. Nisi omnis quo quaerat iure. Qui quia esse optio vitae. Voluptatem et repudiandae repellat magnam alias rerum. Amet corrupti magnam praesentium fugiat voluptatum.</p><p>Sed consequatur consequatur soluta qui voluptas tempora dolores. Aut quis sint ipsam atque. Dolorum totam et animi laudantium in. Nesciunt officiis fugit in ipsa.</p>', '2020-04-29 07:43:34'),
(342, 70, 'Anastasie Klein', '<p>Esse neque veritatis ut quia. Rem ipsam quae dignissimos sint necessitatibus hic. Dolorem neque nobis aut possimus.</p><p>Commodi dolores eligendi harum. Et aut dolores animi fuga veritatis.</p>', '2020-04-26 11:51:34'),
(343, 71, 'Constance Bazin', '<p>Esse suscipit deleniti distinctio nam dolorum quis ipsa. Repellendus autem veniam aut. Et dolor officia nesciunt et et. Beatae eius a facilis nihil cum commodi. Veritatis temporibus debitis fugiat illum voluptas.</p><p>Ea aspernatur enim voluptates exercitationem. Minus maxime sed officia consequatur sed beatae.</p>', '2020-05-03 08:36:10'),
(344, 71, 'Anouk Le Lecomte', '<p>Accusamus facilis laboriosam autem nisi dolorem. Eum vel quia aut. Similique aut rerum et molestiae quia provident commodi.</p><p>Magni porro aut nihil eaque unde. Fuga earum unde quaerat qui alias molestiae ut.</p>', '2020-04-12 14:18:03'),
(345, 71, 'Astrid de la Foucher', '<p>Voluptatem corrupti quibusdam sint id itaque voluptas. Magnam ex illum dolores et maiores reprehenderit. Architecto et ut earum perferendis totam nesciunt.</p><p>Deleniti qui deserunt est nihil. Officiis velit amet autem est quos praesentium et. Alias voluptatum enim veritatis illum sed.</p>', '2020-05-03 16:41:30'),
(346, 71, 'Frédéric Vallee', '<p>Ut esse non magni sit consectetur ipsum. Quo id quasi architecto in ducimus adipisci ex. Mollitia vel iste odio. Aut doloribus quaerat sed voluptates aliquam doloribus.</p><p>Ipsum cum est sunt repudiandae. Est ducimus ad adipisci aperiam expedita itaque. Autem est corporis nesciunt aut consequatur nisi. Expedita eaque soluta totam soluta vel.</p>', '2020-04-05 12:45:05'),
(347, 71, 'Renée-Aimée Clerc', '<p>Et libero similique soluta similique eveniet qui. Debitis repudiandae ut ut. Minus eligendi quo libero expedita rerum. Qui consectetur veniam neque corrupti.</p><p>Doloremque voluptatem quo magnam quo atque ut ipsa voluptatibus. Quia est voluptatibus doloribus dolorem sunt perferendis. Eum rerum facilis nam dignissimos quod hic cumque esse. Quasi temporibus possimus quod cumque. Ipsum consectetur molestias eum et.</p>', '2020-04-09 08:10:09'),
(348, 72, 'Philippe Vallet', '<p>Cumque tenetur id voluptate. Aut fuga repellendus quia itaque qui. Esse enim sit veritatis molestiae nihil ut culpa reiciendis. Occaecati soluta et iure deleniti reprehenderit dolor.</p><p>Occaecati fugiat inventore quibusdam autem sit perferendis. Voluptate quia temporibus laborum. Et est eos veritatis ab non.</p>', '2020-03-28 11:11:48'),
(349, 72, 'Martine Gerard', '<p>Sunt assumenda corporis consequatur animi. Et odio dolor voluptates voluptatem ea. Est earum alias et repudiandae alias voluptate. Necessitatibus eum natus aut.</p><p>Sed quo sed recusandae voluptas distinctio ea. Cupiditate ducimus sit voluptates assumenda. Assumenda aut eveniet hic voluptate sequi enim totam. Est neque eum et temporibus.</p>', '2020-05-05 13:09:00'),
(350, 72, 'Pierre du Descamps', '<p>Iure tempore et itaque nemo eius minus. Vel unde et quasi.</p><p>Sint consequatur impedit quidem vel iure. Omnis repellat voluptas quasi et laborum numquam et. Assumenda deleniti dicta perferendis sit repellat. Quaerat corporis ducimus eaque explicabo aliquid. Sunt recusandae nihil fugiat soluta veniam odit enim.</p>', '2020-04-19 06:54:02'),
(351, 72, 'Brigitte Godard', '<p>Atque distinctio et sequi. Nisi et aut ut corrupti. Vero explicabo non ut id voluptate. Omnis sed veritatis voluptatum. Dolorem et mollitia alias voluptas debitis.</p><p>Corrupti vero consequatur architecto harum. Eum neque molestiae magnam eos omnis. Et magnam mollitia ullam optio. Sunt sapiente esse dolores eos voluptate corporis ut.</p>', '2020-03-16 01:14:38'),
(352, 73, 'Isaac Carlier', '<p>Omnis dolor aut eaque. Hic assumenda aut consequuntur ratione voluptatum quo. Error rerum laboriosam illum nam. Illum sapiente quas incidunt veniam quia.</p><p>Veritatis est id fuga hic. Enim numquam amet sunt deserunt dolores et tempora iusto. Ex et magnam vitae voluptas. Dolor quod voluptas recusandae consequuntur.</p>', '2020-04-22 04:39:56'),
(353, 73, 'Lucie Merle', '<p>Quod itaque hic impedit cum eligendi quos laudantium. Assumenda et aspernatur excepturi atque enim. Nulla voluptas dolores vel laborum voluptas dolor occaecati.</p><p>Quo totam quam quam est. Id sit sequi amet. Quis voluptatem ab similique voluptate praesentium ab alias. Optio nesciunt exercitationem cum culpa illum impedit quo.</p>', '2020-03-29 00:31:31'),
(354, 73, 'Marguerite Rey', '<p>Officiis consequatur ad modi autem possimus itaque. Est maiores autem exercitationem occaecati velit tenetur sunt. Rem necessitatibus molestiae ad tenetur. Natus eos numquam odio.</p><p>Ut porro quae at deserunt velit tenetur. Nam facilis temporibus assumenda atque quo. Debitis dolor architecto quia adipisci.</p>', '2020-04-22 08:29:06'),
(355, 73, 'Isabelle Dumont-Chretien', '<p>Accusantium velit ratione similique voluptas voluptatum sed. Ut qui unde eius fuga earum molestiae blanditiis. Consectetur aut cumque omnis eligendi voluptatibus.</p><p>Sed ut veniam modi autem. Assumenda iusto suscipit neque voluptatum voluptas rem vel consectetur. Nisi velit fuga id. Quia ipsa est aut similique ipsam.</p>', '2020-02-27 14:33:15'),
(356, 73, 'Margaret Andre', '<p>Nihil fugit dicta molestiae labore ducimus vero harum dolorem. Rerum quia nemo dolorem consequuntur. Iste adipisci commodi culpa veniam quasi sint reiciendis.</p><p>Iusto esse dolore nihil nobis aut pariatur. Dolor ut explicabo eius distinctio facilis. Quo eos laboriosam et et sed. Explicabo sed voluptatem facere ipsum.</p>', '2020-03-30 05:53:33'),
(357, 74, 'Bertrand Gonzalez', '<p>Vel numquam numquam placeat at autem. Enim id eveniet assumenda veritatis. Eos voluptas eos repellendus est soluta error. Voluptatem consectetur eos delectus voluptatem quisquam.</p><p>Ullam consequatur ut optio qui. Animi laborum natus et impedit aspernatur quidem dolorum. Modi minus culpa in ipsum.</p>', '2020-05-06 15:11:17');
INSERT INTO `comment` (`id`, `article_id`, `author`, `content`, `crea_ted_at`) VALUES
(358, 74, 'Margaud Diaz', '<p>Aut et qui doloribus ullam vel. Officia dignissimos est magni quod consequuntur optio iste. Voluptatem hic eius et qui. Quod et nisi ut autem.</p><p>Doloremque temporibus magnam soluta et voluptas et iusto. Ex labore soluta earum ut. Eum nobis quam sunt aut expedita ut minima. Perferendis dolores excepturi qui qui recusandae.</p>', '2020-04-22 23:28:12'),
(359, 74, 'Paul du Coulon', '<p>Quis perspiciatis eum deleniti quae impedit consequuntur nobis dicta. Aut omnis id sint natus id omnis sed. Eius sequi explicabo sed illo necessitatibus dolorum similique quis.</p><p>Quibusdam ipsum rerum et omnis sapiente sed. Molestias labore ex ratione non eum voluptas qui. Sed sit sit delectus dolore dolorum harum soluta. Pariatur molestiae unde aut qui voluptatem qui aliquid.</p>', '2020-05-05 18:30:30'),
(360, 74, 'Catherine Chretien-Blanchard', '<p>Deleniti dolor exercitationem natus libero voluptate quidem ipsam. Omnis et est ratione qui. Ut dolores tempora perspiciatis perspiciatis. Ut doloribus consequuntur culpa odio sed modi.</p><p>Aut quam aut id aut tempora hic. Ut saepe ea facere quia officia sapiente cupiditate. Repellendus provident repudiandae consequatur explicabo aut libero.</p>', '2020-05-07 13:02:31'),
(361, 75, 'Stéphanie Guillot', '<p>Maxime debitis accusamus quisquam cumque libero. Non incidunt quis voluptatum assumenda vel. Voluptates ipsa animi vel sint recusandae dolor laboriosam quo.</p><p>Quam et accusantium iusto voluptas eos. Repudiandae eligendi adipisci fugiat qui nulla vitae est. Qui cumque iste eos reiciendis et.</p>', '2020-05-02 11:26:01'),
(362, 75, 'Philippe Petit-Gilles', '<p>Dolores nihil quia placeat expedita harum. Nihil asperiores dolor error autem.</p><p>Deleniti ea voluptate eius voluptatem. Voluptatem enim sit inventore odit. Facere velit tenetur earum quisquam. Libero numquam quis quasi.</p>', '2020-05-04 02:59:24'),
(363, 75, 'Frédéric Baron-Humbert', '<p>Officia est dolorem beatae assumenda. Temporibus voluptates dignissimos distinctio velit dolores. Vero id voluptas in quaerat. Incidunt corrupti nisi consequatur fuga. Aperiam ut fuga in aut accusantium.</p><p>Dignissimos dignissimos sequi minima qui accusamus culpa aut. Quae modi quibusdam est enim recusandae ex reiciendis aut. Deleniti beatae ipsum voluptatem inventore.</p>', '2020-05-06 23:43:34'),
(364, 75, 'Christophe Vasseur', '<p>Assumenda et vel iusto inventore voluptatibus incidunt et. Repellendus iusto rerum quam at voluptatibus. Voluptas porro maxime sit omnis officiis itaque sunt.</p><p>Optio odio tempore possimus odit. Tempora cum est quibusdam quisquam ipsum hic aut. Eius sit ut modi sed iusto alias. Impedit nesciunt repudiandae voluptatibus blanditiis qui sit.</p>', '2020-05-01 00:04:31'),
(365, 76, 'Manon-Michelle Jean', '<p>Perspiciatis in amet fugiat ut voluptates eius. Soluta quod suscipit aliquam eos. Sequi praesentium numquam et similique. Minus est ut laborum fugit aut culpa error.</p><p>Ratione blanditiis explicabo accusamus. Eum ut aut incidunt iure deserunt in. Illum et numquam eos sint aut. Facere incidunt officia soluta vel minus aut et quasi.</p>', '2020-05-07 11:04:26'),
(366, 76, 'Pauline de Alexandre', '<p>Unde omnis molestiae officiis non velit expedita non. Consectetur commodi omnis vel expedita repellendus animi. Ipsum inventore accusantium voluptatem fuga. Ipsam dolores rerum atque rerum nostrum sit eaque.</p><p>Dolores harum architecto rerum optio laboriosam excepturi. Id repellendus rerum tempore repudiandae suscipit aut omnis. Nemo sunt eum nulla nam exercitationem alias.</p>', '2020-04-27 22:02:00'),
(367, 76, 'Olivier-Aimé Rossi', '<p>Perspiciatis consectetur molestiae iure vero sint corporis dolorem optio. Facilis qui voluptatibus ut ab atque cumque amet. Vero sint amet sit officia.</p><p>Et beatae voluptas ut libero inventore rerum consequatur. At et voluptatem aut earum nihil et. Ipsum omnis nihil ut.</p>', '2020-04-30 11:46:32'),
(368, 76, 'Laurence Guichard', '<p>Cupiditate voluptatem exercitationem omnis laborum. Voluptatem corporis libero iusto fuga sed reprehenderit enim. Fuga aut temporibus mollitia. Consequatur animi est quis consequatur eos ut est.</p><p>Sed debitis similique ducimus. Facilis sapiente possimus velit sit velit reiciendis quo. Esse doloremque facilis velit perferendis asperiores enim blanditiis.</p>', '2020-05-01 12:59:30'),
(369, 76, 'Mathilde-Claudine Monnier', '<p>Reprehenderit est et rerum enim. Consequatur sequi eum adipisci dignissimos perferendis quod. Explicabo animi ab saepe vel ducimus ab. Sunt dignissimos perferendis voluptatem dolorem quasi laborum sit.</p><p>Cum natus deleniti non sint quibusdam et. Impedit dolores vel illum dignissimos ipsum quasi at blanditiis. Illum ipsa quas aut sunt officiis quis.</p>', '2020-05-06 03:31:31');

-- --------------------------------------------------------

--
-- Structure de la table `condition_footer`
--

CREATE TABLE `condition_footer` (
  `id` int(11) NOT NULL,
  `category_id` int(11) DEFAULT NULL,
  `titre` varchar(255) COLLATE utf8mb4_unicode_ci NOT NULL,
  `description` longtext COLLATE utf8mb4_unicode_ci NOT NULL
) ENGINE=InnoDB DEFAULT CHARSET=utf8mb4 COLLATE=utf8mb4_unicode_ci;

-- --------------------------------------------------------

--
-- Structure de la table `migration_versions`
--

CREATE TABLE `migration_versions` (
  `version` varchar(14) COLLATE utf8mb4_unicode_ci NOT NULL,
  `executed_at` datetime NOT NULL COMMENT '(DC2Type:datetime_immutable)'
) ENGINE=InnoDB DEFAULT CHARSET=utf8mb4 COLLATE=utf8mb4_unicode_ci;

--
-- Déchargement des données de la table `migration_versions`
--

INSERT INTO `migration_versions` (`version`, `executed_at`) VALUES
('20200501131642', '2020-05-01 13:17:28'),
('20200504090557', '2020-05-04 09:06:24'),
('20200504092136', '2020-05-04 09:21:53');

-- --------------------------------------------------------

--
-- Structure de la table `quartier`
--

CREATE TABLE `quartier` (
  `id` int(11) NOT NULL,
  `nom_quartier` varchar(255) COLLATE utf8mb4_unicode_ci NOT NULL,
  `villes_id` int(11) DEFAULT NULL
) ENGINE=InnoDB DEFAULT CHARSET=utf8mb4 COLLATE=utf8mb4_unicode_ci;

--
-- Déchargement des données de la table `quartier`
--

INSERT INTO `quartier` (`id`, `nom_quartier`, `villes_id`) VALUES
(1, 'rue Louise Valentin', NULL),
(2, 'rue Hoarau', NULL),
(3, 'rue Bertrand', NULL),
(4, 'boulevard Mathieu', NULL),
(5, 'impasse Perret', NULL),
(6, 'avenue Sophie Klein', NULL),
(7, 'rue Cohen', NULL),
(8, 'avenue Jules Herve', NULL),
(9, 'chemin Rémy Richard', NULL),
(10, 'impasse de Mercier', NULL),
(11, 'place Agathe Michel', NULL),
(12, 'boulevard Zacharie Clerc', NULL),
(13, 'rue Alfred Neveu', NULL),
(14, 'impasse Allard', NULL),
(15, 'boulevard Seguin', NULL),
(16, 'avenue Pruvost', NULL),
(17, 'place Techer', NULL),
(18, 'avenue Lacombe', NULL),
(19, 'rue de Herve', NULL),
(20, 'impasse Richard', NULL),
(21, 'chemin de Garcia', NULL),
(22, 'boulevard de Bonnin', NULL),
(23, 'rue Virginie Paris', NULL),
(24, 'place Lebreton', NULL),
(25, 'rue Thibaut Reynaud', NULL),
(26, 'chemin Bertrand', NULL),
(27, 'avenue Georges Lemaire', NULL),
(28, 'boulevard de Olivier', NULL),
(29, 'place Sanchez', NULL),
(30, 'place Agnès Morel', NULL),
(31, 'rue Françoise Laurent', NULL),
(32, 'place de Gallet', NULL),
(33, 'avenue de Grondin', NULL),
(34, 'chemin Hubert', NULL),
(35, 'place de Gaillard', NULL),
(36, 'place Barbe', NULL),
(37, 'boulevard de Gilles', NULL),
(38, 'impasse Legros', NULL),
(39, 'boulevard Noel', NULL),
(40, 'boulevard de Jacques', NULL),
(41, 'boulevard Denis Baudry', NULL),
(42, 'avenue de Bouvier', NULL),
(43, 'rue Hugues Breton', NULL),
(44, 'place René Roussel', NULL),
(45, 'boulevard de Blanc', NULL),
(46, 'rue Audrey Renard', NULL),
(47, 'boulevard Élisabeth Gomes', NULL),
(48, 'boulevard Buisson', NULL),
(49, 'impasse Bourdon', NULL),
(50, 'avenue Alphonse Gomez', NULL),
(51, 'avenue Emmanuelle Albert', NULL),
(52, 'rue Morin', NULL),
(53, 'place Colette Roy', NULL),
(54, 'rue Blanc', NULL),
(55, 'rue Rousset', NULL),
(56, 'boulevard Gilles Blanchet', NULL),
(57, 'rue de Bruneau', NULL),
(58, 'chemin René Mercier', NULL),
(59, 'rue Hortense Adam', NULL),
(60, 'place Xavier Briand', NULL),
(61, 'chemin Richard Alexandre', NULL),
(62, 'boulevard de Rodriguez', NULL),
(63, 'chemin Etienne', NULL),
(64, 'rue Marchand', NULL),
(65, 'boulevard de Dufour', NULL),
(66, 'place Noël Duval', NULL),
(67, 'place de Salmon', NULL),
(68, 'impasse André Boulay', NULL),
(69, 'impasse de Lacombe', NULL),
(70, 'avenue Rossi', NULL),
(71, 'avenue Thérèse Petitjean', NULL),
(72, 'chemin Albert', NULL),
(73, 'avenue Fontaine', NULL),
(74, 'place Michel Wagner', NULL),
(75, 'rue Bruneau', NULL),
(76, 'impasse Laine', NULL),
(77, 'boulevard Raymond Rossi', NULL),
(78, 'impasse Le Goff', NULL),
(79, 'avenue Martinez', NULL),
(80, 'chemin Suzanne Mace', NULL),
(81, 'boulevard de Albert', NULL),
(82, 'place de Lenoir', NULL),
(83, 'boulevard Nicolas Rolland', NULL),
(84, 'chemin de Lucas', NULL),
(85, 'boulevard de Fontaine', NULL),
(86, 'boulevard Rocher', NULL),
(87, 'rue Manon Faure', NULL),
(88, 'boulevard Roussel', NULL),
(89, 'rue de Chretien', NULL),
(90, 'rue Chartier', NULL);

-- --------------------------------------------------------

--
-- Structure de la table `remenberme_token`
--

CREATE TABLE `remenberme_token` (
  `id` int(11) NOT NULL,
  `value` varchar(88) COLLATE utf8mb4_unicode_ci NOT NULL,
  `last_used` datetime NOT NULL,
  `class` varchar(100) COLLATE utf8mb4_unicode_ci NOT NULL,
  `username` varchar(255) COLLATE utf8mb4_unicode_ci NOT NULL
) ENGINE=InnoDB DEFAULT CHARSET=utf8mb4 COLLATE=utf8mb4_unicode_ci;

-- --------------------------------------------------------

--
-- Structure de la table `slider`
--

CREATE TABLE `slider` (
  `id` int(11) NOT NULL,
  `image` varchar(255) COLLATE utf8mb4_unicode_ci NOT NULL,
  `image_size` int(11) NOT NULL,
  `updated_at` datetime NOT NULL,
  `titre` varchar(255) COLLATE utf8mb4_unicode_ci DEFAULT NULL,
  `description` longtext COLLATE utf8mb4_unicode_ci DEFAULT NULL
) ENGINE=InnoDB DEFAULT CHARSET=utf8mb4 COLLATE=utf8mb4_unicode_ci;

--
-- Déchargement des données de la table `slider`
--

INSERT INTO `slider` (`id`, `image`, `image_size`, `updated_at`, `titre`, `description`) VALUES
(215, 'https://placehold.it/1920x500', 1, '2019-12-24 09:55:38', 'Qui cumque non culpa id saepe ad in non.', 'Ad et maxime laboriosam. Quidem doloribus nihil et mollitia est repellat ut est. Quisquam dolore at numquam.'),
(216, 'https://placehold.it/1920x500', 1, '2020-04-03 18:08:05', 'Aliquam magnam consequuntur vero et numquam quasi.', 'Quos maiores ut sed tempore est laudantium aut. Quos ut corrupti dignissimos quae. Eum quo incidunt nesciunt hic aut quas.'),
(217, 'https://placehold.it/1920x500', 1, '2020-02-21 05:11:50', 'Magni quo consequatur expedita est magnam neque sapiente quod.', 'Aut autem doloribus nihil adipisci sed vitae eum. Dignissimos in dolor iusto quidem velit. Et accusamus ipsum porro iure architecto rem.'),
(218, 'https://placehold.it/1920x500', 1, '2020-01-10 04:09:22', 'Ut incidunt tempora est sunt corporis voluptatem in ducimus.', 'Eveniet optio molestiae amet rerum facilis omnis ut distinctio. Repudiandae asperiores molestiae voluptatem et vero voluptatum est. Voluptatem quis nulla nihil perspiciatis dolorem.'),
(219, 'https://placehold.it/1920x500', 1, '2019-11-10 06:08:57', 'Dolore consequuntur unde porro qui voluptatem quis.', 'Qui voluptas voluptas tempora et consequatur repellat doloribus. Molestiae atque qui praesentium aliquid nisi qui inventore ipsam. Dolorem quas provident quaerat nam nesciunt nemo atque. Aperiam vero vitae minima atque reprehenderit.'),
(220, 'https://placehold.it/1920x500', 1, '2020-01-24 18:28:19', 'Dolorem quae animi vero ut voluptatibus sed.', 'Iusto aliquid non enim cumque magni architecto voluptas est. Non temporibus aut non vitae rerum odit. Quia nam eveniet assumenda a non deleniti consequatur. Quis laudantium voluptas ut veritatis. Exercitationem eaque illo est aut.'),
(221, 'https://placehold.it/1920x500', 1, '2020-03-24 18:28:13', 'Est qui et expedita rerum rem est autem.', 'Eos pariatur et quia cum et. Dolorum a voluptatem sed nihil omnis beatae qui. Maxime atque pariatur quia a culpa optio quisquam dolore. Adipisci voluptas vel repudiandae velit occaecati cum. Ipsum et ducimus iusto sit corrupti a debitis.'),
(222, 'https://placehold.it/1920x500', 1, '2019-12-12 15:51:01', 'Et aut vel eaque quis aut.', 'Eos voluptatem voluptatum nihil dolorum. Accusamus consequuntur laudantium veniam aut nesciunt consequatur non. Nulla itaque optio laboriosam molestiae. Deleniti eum accusantium expedita aliquid.'),
(223, 'https://placehold.it/1920x500', 1, '2020-01-22 02:09:25', 'Blanditiis odio ex et quia odio voluptatum rerum.', 'Quia cum facilis et laborum dicta et. Sit aliquid tempora ut maxime rerum veritatis id. Iste et voluptatibus fuga voluptatem. Quasi blanditiis dolores rerum eveniet consequatur est eius.'),
(224, 'https://placehold.it/1920x500', 1, '2020-03-16 07:20:20', 'Ipsa ut est suscipit sit eos dolorem.', 'Est totam voluptate tempora. Provident dolor et sequi rem dolorem. Sunt mollitia neque sit dolores enim soluta temporibus.'),
(225, 'https://placehold.it/1920x500', 1, '2020-01-07 03:21:51', 'In qui nulla et earum.', 'Culpa illum quis eum consectetur minus culpa. Alias aut mollitia rerum ut ut. Facilis quo iste praesentium consequatur consequuntur. Consectetur nisi quaerat in culpa.'),
(226, 'https://placehold.it/1920x500', 1, '2020-01-22 14:58:08', 'Minima magni officiis sit laborum dolor magnam sapiente accusamus.', 'Qui ut sit consequuntur odio et qui hic. Asperiores tempora voluptas quod distinctio. Autem est excepturi cum velit optio. Autem sapiente architecto consectetur doloremque repellendus enim at.'),
(227, 'https://placehold.it/1920x500', 1, '2020-02-10 14:00:53', 'Error nulla itaque dicta saepe.', 'Et veniam laudantium mollitia quaerat veniam velit. Voluptas incidunt totam a porro vel quia expedita.'),
(228, 'https://placehold.it/1920x500', 1, '2020-01-04 17:49:43', 'Natus aut recusandae aut dolores mollitia quae voluptatem.', 'Officiis velit rerum enim maiores aut quasi. Perspiciatis et quisquam et et. Nostrum ab est explicabo nam est distinctio nobis.'),
(229, 'https://placehold.it/1920x500', 1, '2020-03-11 09:09:00', 'Minima officia eius dolores illo iusto hic aut.', 'Cupiditate vel culpa soluta et nobis vel rerum. Aspernatur nihil officia amet dolores. Illum dicta praesentium et earum maiores quae dignissimos. Quos explicabo consequatur fugiat vel accusamus sint.'),
(230, 'https://placehold.it/1920x500', 1, '2020-04-13 06:54:40', 'Rem recusandae est vitae numquam voluptas et exercitationem earum.', 'Quam quasi illo molestias ad enim nulla voluptatibus dolorum. Reiciendis sit voluptas accusantium earum architecto corrupti perferendis.'),
(231, 'https://placehold.it/1920x500', 1, '2019-12-05 05:36:29', 'Sit architecto magnam veniam sint sed laborum.', 'Est dolores nulla dolor exercitationem accusamus autem quam. Aut autem at laudantium rerum laboriosam consectetur vero. Magnam iure quibusdam quo reprehenderit modi molestiae. Non repudiandae minima fugit voluptatum porro dicta.'),
(232, 'https://placehold.it/1920x500', 1, '2020-01-07 05:22:08', 'Aspernatur aspernatur repudiandae ut vel.', 'Rerum dolorem pariatur ducimus ab. Quam et sit qui rerum. Aut reprehenderit eaque excepturi aliquid omnis illum expedita consectetur.'),
(233, 'https://placehold.it/1920x500', 1, '2019-11-15 14:42:24', 'Dolore autem officiis quia eos adipisci esse.', 'Praesentium at accusamus qui veritatis numquam aut quia. Sed amet id voluptatem culpa et id nihil aut. Aliquid dolorem incidunt provident in sit.'),
(234, 'https://placehold.it/1920x500', 1, '2020-02-13 06:13:17', 'Qui quos qui iusto enim.', 'Ipsum doloribus quam enim provident qui fugiat natus. Fugit dolores architecto earum autem dicta rerum. Consectetur quam culpa ad rerum iusto accusantium vero asperiores.'),
(235, 'https://placehold.it/1920x500', 1, '2020-02-26 00:42:17', 'Dolorem et odit aut quae eos consequatur blanditiis et.', 'Atque labore velit in. Sint facilis voluptatem blanditiis et aspernatur omnis iusto. Nemo rerum eos velit eos nesciunt minima minima. Nihil animi quae culpa corporis.'),
(236, 'https://placehold.it/1920x500', 1, '2020-04-29 02:41:07', 'Sit doloremque sint similique.', 'Unde et nobis provident aut et natus sit occaecati. Similique expedita aut et qui quaerat fuga quidem et. Sit quisquam optio consequatur corporis. Iusto minus autem esse minus quaerat temporibus eum architecto.'),
(237, 'https://placehold.it/1920x500', 1, '2020-04-22 18:45:30', 'Similique dicta iusto exercitationem quasi.', 'Assumenda consequuntur explicabo enim non corrupti sed. Pariatur a nam qui cupiditate non laboriosam delectus. Sint ut deleniti qui non libero molestiae qui. Omnis omnis quia distinctio quisquam sed.'),
(238, 'https://placehold.it/1920x500', 1, '2019-11-20 15:10:13', 'Aut veniam neque molestiae rerum.', 'Illo nobis ut facere aut ducimus rerum. Incidunt at dolore sit sint incidunt porro corporis. Ut aut id voluptates earum ut eius. Deleniti rerum voluptatum in facilis aliquam ex.'),
(239, 'https://placehold.it/1920x500', 1, '2020-05-02 00:45:59', 'Sequi molestiae non officia voluptatem asperiores.', 'Eaque reprehenderit quam sequi rerum. Assumenda fugit distinctio labore illum vero libero. Iusto sunt ipsa exercitationem quia magni sit doloribus repellendus.'),
(240, 'https://placehold.it/1920x500', 1, '2020-04-05 14:31:50', 'Maiores explicabo nobis modi suscipit.', 'Et consequuntur et iusto animi. Reiciendis rerum sit in consectetur quaerat tenetur debitis. Qui repellendus ea sunt sed ea voluptatibus. Quod dolores ut nam earum quidem et non.'),
(241, 'https://placehold.it/1920x500', 1, '2020-04-09 05:28:30', 'Ipsum consequatur nihil sequi minus perferendis voluptatum perferendis nobis.', 'Sint odit nisi aperiam et occaecati. Aut earum quod quos voluptate eaque et. Sunt quos earum nam natus quia est molestiae at. Architecto aut consectetur voluptatem ipsam veniam. Fugiat praesentium enim quas incidunt non autem.'),
(242, 'https://placehold.it/1920x500', 1, '2020-03-22 05:15:47', 'Qui quas ipsam aut aliquam at officia voluptatem.', 'Eos voluptates quae doloribus vel ab consequuntur quidem modi. Praesentium quia et quos cum sunt. Saepe vel aut quam beatae dolores velit quo.'),
(243, 'https://placehold.it/1920x500', 1, '2019-11-13 06:07:07', 'Perferendis ducimus in quia aliquid sit delectus adipisci eum.', 'Non sunt quas veritatis eos earum. Nobis sed sint numquam libero ratione magni eius. Incidunt quis eum voluptatem architecto autem quia et. Commodi corrupti et quam iusto aut quaerat nobis.'),
(244, 'https://placehold.it/1920x500', 1, '2020-02-19 04:31:20', 'Inventore ut qui velit nam.', 'Id consequatur amet quasi omnis rerum fuga voluptatem. Enim est quibusdam est et consequatur. Et id itaque magni et aut adipisci quam provident. Aspernatur sint officia fuga autem et et.'),
(245, 'https://placehold.it/1920x500', 1, '2020-01-25 23:25:16', 'Rerum veritatis et ea non dolor accusamus.', 'Maxime architecto est dolore animi voluptatibus ad. Rerum quibusdam ut sunt dolores minus similique at repellat. Libero expedita optio cumque ut quia adipisci vitae voluptatem. Adipisci fugit eveniet laudantium ad similique labore optio.'),
(246, 'https://placehold.it/1920x500', 1, '2020-01-10 23:09:35', 'Et optio voluptates ut ut quasi.', 'Eaque distinctio quas ex possimus ea. Culpa quibusdam eos iste et aut. Vel molestiae quod enim dolorum maxime.'),
(247, 'https://placehold.it/1920x500', 1, '2020-04-06 08:41:15', 'Nostrum quia qui cumque officiis voluptatem fugiat unde.', 'Eos natus eos et sapiente ut voluptatibus. Quasi et sit vel tempora inventore possimus. Autem quod optio et deserunt.'),
(248, 'https://placehold.it/1920x500', 1, '2020-03-16 16:18:13', 'Ducimus aut et adipisci aperiam eaque totam.', 'Dicta optio et et optio corporis animi. Ut omnis impedit veniam aut vel. Quibusdam aut rerum dolorum libero. Suscipit dolor consequatur alias et ut sit ducimus tenetur.'),
(249, 'https://placehold.it/1920x500', 1, '2020-03-04 19:06:09', 'Adipisci minima veritatis vitae nisi.', 'Aut iure aut nihil. Animi doloremque omnis autem hic harum sit. Animi cumque eos non quas.'),
(250, 'https://placehold.it/1920x500', 1, '2020-04-10 13:29:06', 'Laborum expedita in ducimus.', 'Eius reprehenderit laboriosam saepe ut animi. Impedit nihil sed quaerat illum repellendus. Voluptatem reiciendis error facilis.'),
(251, 'https://placehold.it/1920x500', 1, '2020-04-16 01:44:23', 'Reprehenderit veritatis illo quas distinctio.', 'Molestiae earum enim nisi dolores est sit ullam molestias. Ut itaque placeat a. Omnis molestiae provident itaque quod hic quidem. Voluptas dignissimos nemo itaque neque iste non vel. Praesentium est perspiciatis suscipit est ab ullam quia dolores.'),
(252, 'https://placehold.it/1920x500', 1, '2020-03-08 19:58:31', 'Exercitationem et recusandae nostrum voluptate explicabo.', 'Dolorum aperiam quae quae illum. Rerum et consequatur reiciendis qui alias. Voluptatum est aperiam suscipit nihil error et est aut.'),
(253, 'https://placehold.it/1920x500', 1, '2020-04-12 06:37:27', 'Corrupti ab deleniti doloremque exercitationem.', 'Sed veritatis quo facilis molestiae et ea. Soluta at repellendus pariatur reiciendis nostrum voluptatem rerum. Ut libero vel aspernatur eum et qui nulla. Impedit voluptatem beatae ipsa error quidem dicta.'),
(254, 'https://placehold.it/1920x500', 1, '2020-01-02 10:47:18', 'Non tempore omnis inventore.', 'Ab labore modi vitae eveniet et enim autem sed. Ullam consequatur itaque quia numquam similique nam quo. Nisi magni a sed accusantium id ea blanditiis ipsa.'),
(255, 'https://placehold.it/1920x500', 1, '2020-02-01 17:31:13', 'Dolores rerum ex similique et enim aut omnis.', 'Impedit a quam perspiciatis hic. Et debitis aut similique esse magni. Dolorem eius sed tempora fuga.'),
(256, 'https://placehold.it/1920x500', 1, '2020-03-05 00:21:01', 'Harum assumenda ipsam odio impedit quo omnis.', 'Aliquam qui ducimus corrupti laboriosam. Vel corporis ad at odit. Repudiandae aut et deserunt nisi quia nostrum dicta optio.'),
(257, 'https://placehold.it/1920x500', 1, '2020-01-30 09:44:08', 'Voluptatum ut omnis aliquid reprehenderit.', 'Explicabo repellendus alias enim aperiam eligendi sed. Pariatur facilis aut veniam nostrum eos. Repellat voluptas reiciendis sint deleniti soluta. Rerum omnis temporibus et eligendi.'),
(258, 'https://placehold.it/1920x500', 1, '2019-12-14 20:27:08', 'Sed libero fuga recusandae inventore laudantium enim et.', 'Quos animi omnis velit aut mollitia ipsa tenetur. In incidunt magni rerum voluptas esse. Possimus numquam soluta autem et.'),
(259, 'https://placehold.it/1920x500', 1, '2020-01-20 02:46:56', 'Dolore illum est occaecati quaerat.', 'Voluptatem voluptatem deleniti tempora qui. Hic qui quaerat debitis ut quasi reiciendis aut non. Nihil et laboriosam enim excepturi.'),
(260, 'https://placehold.it/1920x500', 1, '2019-12-19 07:37:11', 'Assumenda soluta consectetur maxime eveniet.', 'Vitae placeat aut molestias consectetur voluptatum quod fugit voluptatum. Aut consequatur quo consequatur eligendi. Aut ex et rerum corrupti nostrum. Sunt ratione nobis illum sint harum.'),
(261, 'https://placehold.it/1920x500', 1, '2020-04-18 13:33:50', 'Mollitia debitis ducimus rerum distinctio omnis.', 'Enim magnam asperiores beatae nobis nihil facilis. Cupiditate et et dolores quasi eaque est quia. Dicta placeat aliquam tenetur repudiandae corporis commodi sit. Et non incidunt repellendus ex.'),
(262, 'https://placehold.it/1920x500', 1, '2020-02-05 20:48:51', 'Ut consequuntur qui temporibus necessitatibus quas molestiae.', 'Aut officia harum quia in et quam id. Sit qui expedita aut neque. Et necessitatibus sapiente expedita.'),
(263, 'https://placehold.it/1920x500', 1, '2019-12-29 12:31:17', 'Ipsa hic voluptate tenetur rerum sed eos.', 'Error non quia eaque eveniet necessitatibus qui consequatur. Non et at nihil rerum voluptas porro dolor asperiores. Autem hic rem dignissimos inventore facere doloremque nulla.'),
(264, 'https://placehold.it/1920x500', 1, '2020-02-23 22:50:27', 'Soluta nostrum eveniet doloremque qui odio architecto est.', 'Sit consequuntur rerum eius optio sunt aperiam. Provident quisquam consequuntur excepturi.'),
(265, 'https://placehold.it/1920x500', 1, '2020-01-17 10:33:03', 'Excepturi fuga ad consequatur dolorum dolores vitae odit.', 'Voluptas libero voluptatem aut. Placeat sit ut vitae voluptatem aut vero. Veniam libero aut aut voluptates distinctio magni. Deserunt cum expedita et sed velit.'),
(266, 'https://placehold.it/1920x500', 1, '2019-12-06 12:14:52', 'Mollitia non non et blanditiis voluptatem.', 'Omnis est voluptatem dignissimos voluptatum qui similique aut. Sed ducimus ullam voluptatibus. Optio est soluta iste numquam culpa qui laboriosam. Vero qui tempora et nihil asperiores necessitatibus.'),
(267, 'https://placehold.it/1920x500', 1, '2020-04-07 10:14:12', 'Qui doloribus commodi a harum fugiat ea velit sed.', 'Dolore optio et tenetur doloremque asperiores distinctio. Consequatur est illo rem inventore perferendis commodi exercitationem commodi. Consequuntur quia illo eaque consequatur qui distinctio consequatur. Molestiae et ut in beatae est mollitia et unde.'),
(268, 'https://placehold.it/1920x500', 1, '2020-04-18 00:07:24', 'Exercitationem natus non necessitatibus officia et.', 'Dolores vel recusandae saepe. Repudiandae iure quasi alias eum dolorem dolor. Reiciendis dolores voluptatum temporibus qui.'),
(269, 'https://placehold.it/1920x500', 1, '2020-03-31 22:32:10', 'Sunt expedita voluptas quas molestias ratione in.', 'Nesciunt et dolorum quos. Sint molestias eligendi sequi non. Et vel aut tenetur fugiat impedit numquam sunt. Et id beatae ipsa aut sit dignissimos.'),
(270, 'https://placehold.it/1920x500', 1, '2020-03-23 16:02:37', 'Est eos cupiditate facere ullam consequatur aliquam.', 'Velit praesentium consequatur et blanditiis cum magni. Voluptas et nobis exercitationem in quisquam vitae. Nostrum qui voluptatem impedit nemo.'),
(271, 'https://placehold.it/1920x500', 1, '2019-11-20 11:02:46', 'Sit alias recusandae et omnis ut asperiores tempora eum.', 'Voluptatem nulla autem ut quis. Quod repudiandae perferendis repellat impedit suscipit iusto. Id ut qui nihil et iste aut doloribus. In tempore vitae qui deleniti. Deserunt quia eum voluptas corrupti.'),
(272, 'https://placehold.it/1920x500', 1, '2020-02-03 11:45:59', 'Praesentium aliquam molestiae quos at.', 'Et occaecati est ut maiores cumque. Voluptas voluptatem ipsa maxime modi amet sapiente. Provident error nihil doloremque culpa maxime.'),
(273, 'https://placehold.it/1920x500', 1, '2020-04-30 19:24:39', 'Necessitatibus eaque quisquam et.', 'Sit et explicabo enim ex sit eius. Quia deserunt nemo sunt ullam ipsa alias. Sunt animi ratione inventore consectetur voluptate sunt enim.'),
(274, 'https://placehold.it/1920x500', 1, '2020-02-06 13:03:43', 'Nobis omnis molestias sunt et esse soluta dolores.', 'Ullam ut odit explicabo. Et est nisi provident animi sunt repellendus. Eaque temporibus dolorem qui modi. Qui odio maxime eum ea id labore.'),
(275, 'https://placehold.it/1920x500', 1, '2020-04-22 05:10:59', 'Quas qui ab deleniti voluptates nobis.', 'Harum et qui non saepe qui est quisquam. Earum aperiam quisquam aliquam et odio. Laudantium aut ipsa sunt sint et. Velit aut quos suscipit incidunt explicabo sed labore.'),
(276, 'https://placehold.it/1920x500', 1, '2020-04-13 03:40:29', 'Maxime autem est et cum et repellendus a.', 'Quae qui sed corporis vitae enim. Expedita illo rem esse sed eveniet nihil corporis.'),
(277, 'https://placehold.it/1920x500', 1, '2019-12-11 12:18:16', 'Deserunt odit minima consequuntur et.', 'Tenetur est in sed repudiandae. Voluptas quisquam harum ut numquam natus sapiente culpa.'),
(278, 'https://placehold.it/1920x500', 1, '2020-02-03 19:27:17', 'Temporibus voluptas a occaecati blanditiis maxime incidunt et.', 'Similique dolores alias in nihil dolor nostrum. Dolores qui aspernatur est voluptas. Doloremque unde iure necessitatibus aut amet incidunt qui. Cupiditate delectus nemo accusantium nulla dolor.'),
(279, 'https://placehold.it/1920x500', 1, '2020-02-20 07:17:19', 'In saepe omnis autem ex ea perspiciatis est.', 'Et amet culpa possimus quisquam eveniet voluptates. Quia possimus magni ea. Inventore amet sed voluptas voluptatem maxime in optio. Eum amet maxime praesentium odio vel quasi et.'),
(280, 'https://placehold.it/1920x500', 1, '2019-11-12 23:11:52', 'Vel quasi fugit reiciendis eos aperiam eum.', 'Ut dolorum numquam fugiat quia dolorem esse cum. Et architecto vero odit qui enim nam quia. Et dolor amet quisquam et reprehenderit mollitia cum. Omnis quam excepturi et architecto consequatur.'),
(281, 'https://placehold.it/1920x500', 1, '2019-11-17 23:00:44', 'Velit veritatis architecto nihil qui quia molestiae ut.', 'Consectetur sit est ut voluptatem laboriosam sed error. Explicabo labore laborum iure odio labore quis. Veniam quidem voluptatem sit molestiae deserunt.'),
(282, 'https://placehold.it/1920x500', 1, '2020-03-08 02:18:36', 'Deserunt fugiat non provident quasi sint.', 'Rem explicabo tenetur sit iste reiciendis. Quidem dolores vitae repellat minus sit aut. Qui sit sequi eum maiores qui nesciunt.'),
(283, 'https://placehold.it/1920x500', 1, '2019-12-08 01:50:01', 'Odio animi ut quidem animi dolore.', 'Facere distinctio minima nisi suscipit inventore. Molestiae ut illo tempore ut sit et doloribus distinctio. Quos neque dolorum pariatur odio animi ab placeat. Velit unde blanditiis dolore at error consequatur debitis nostrum.'),
(284, 'https://placehold.it/1920x500', 1, '2020-01-11 16:27:14', 'Voluptas inventore consequatur fuga dolor quam et officia.', 'Facilis aut neque tempora dolor a error. Consequatur possimus dolores maiores dicta voluptates. Quod commodi beatae dolorum.'),
(285, 'https://placehold.it/1920x500', 1, '2020-04-01 03:10:10', 'Dolor rem omnis nesciunt.', 'Sapiente voluptatem corrupti voluptatibus ut. Iusto qui aperiam quo quo non maxime ut. Reprehenderit inventore ipsa voluptatibus officia dolores sed. Qui voluptate sint adipisci beatae ad.'),
(286, 'https://placehold.it/1920x500', 1, '2020-02-09 18:16:29', 'Adipisci consequatur ad quia voluptatem.', 'Esse asperiores quasi optio sit quo quasi. Aut ratione unde perferendis ut. Unde quia quidem facilis.'),
(287, 'https://placehold.it/1920x500', 1, '2020-02-28 23:25:54', 'Quisquam et omnis facere ipsum.', 'Illo dolor aut aliquid rerum facere fugiat. Exercitationem laudantium ducimus possimus voluptatem delectus dicta. Corporis saepe ut similique provident sit mollitia qui dolores.'),
(288, 'https://placehold.it/1920x500', 1, '2020-02-04 18:48:04', 'Amet est excepturi soluta porro eum voluptas et.', 'Enim velit quam nihil et eius. Sequi voluptatem cumque qui. Sapiente pariatur ut quis. Voluptates vitae doloribus natus natus in accusantium. Fuga molestiae cupiditate exercitationem itaque atque.'),
(289, 'https://placehold.it/1920x500', 1, '2020-03-28 07:43:55', 'Est quibusdam architecto provident exercitationem sed earum.', 'Ut quo optio cum enim. Nobis est doloremque sit deleniti. Ea nulla molestias accusamus ut.'),
(290, 'https://placehold.it/1920x500', 1, '2019-11-24 13:11:33', 'Nihil harum quos maxime mollitia.', 'Minus eos blanditiis voluptatum rerum. Iure incidunt sint autem ut qui deserunt. Iusto sed et ut sit. Corrupti dolores qui enim nobis autem animi dolor. Impedit velit facilis quibusdam autem repudiandae molestiae.'),
(291, 'https://placehold.it/1920x500', 1, '2020-03-14 02:18:11', 'Pariatur suscipit deleniti ut dolores.', 'Doloribus voluptatem voluptatem doloribus numquam reprehenderit aut voluptatem. Sint quidem nobis odio saepe. Praesentium omnis possimus molestias voluptatibus vitae est. Veritatis maiores odit qui dolorem illum. Error deleniti cupiditate unde laboriosam fuga.'),
(292, 'https://placehold.it/1920x500', 1, '2020-02-03 02:43:29', 'Placeat cumque voluptatem voluptate eaque.', 'Nemo officiis accusantium enim natus. Ipsa qui repellendus deserunt quaerat. Harum reiciendis error quam libero rem hic eum vel.'),
(293, 'https://placehold.it/1920x500', 1, '2020-03-23 16:00:25', 'Id maxime iste qui sed enim eveniet ducimus.', 'Officia nam non quia sint ea. Voluptatem corrupti nulla doloribus odio eius cupiditate suscipit. Aspernatur aut et quasi quis enim. Quibusdam odit cum atque consectetur.'),
(294, 'https://placehold.it/1920x500', 1, '2020-04-27 19:49:41', 'Laudantium deleniti et excepturi eum dicta perferendis.', 'Ipsa eos dolorem deleniti repellendus quis maiores dicta. Est harum et sed est animi. Aut commodi placeat amet officiis.'),
(295, 'https://placehold.it/1920x500', 1, '2020-01-13 04:06:26', 'Voluptatem aliquid corrupti deserunt aspernatur.', 'Quis necessitatibus sit accusantium. Hic blanditiis expedita voluptatem quisquam quibusdam voluptatem dicta. Rem eligendi omnis nulla repellendus accusantium. Quam quas quis omnis libero.'),
(296, 'https://placehold.it/1920x500', 1, '2020-03-08 19:31:19', 'Itaque unde illum earum harum cum tenetur cupiditate dicta.', 'Quos quisquam consequuntur vitae iure facilis. Quis tempore tenetur ut. In fugiat est natus consequuntur dolores ut. Aut unde in perspiciatis veritatis rerum dolorem.'),
(297, 'https://placehold.it/1920x500', 1, '2020-03-22 10:15:08', 'Ipsum iste autem totam aspernatur quis.', 'Voluptatem non excepturi officia impedit ipsam. Esse et voluptatem nostrum sapiente. Quasi corporis dolores nulla alias consectetur sed veritatis.'),
(298, 'https://placehold.it/1920x500', 1, '2019-12-03 14:44:07', 'Sed ea aliquam voluptatem dicta soluta ut voluptatum.', 'Nihil occaecati ea harum. Quos eum numquam aut quia velit adipisci. Est reiciendis vero et.'),
(299, 'https://placehold.it/1920x500', 1, '2019-12-01 05:31:55', 'A et voluptas omnis eum dolor quia dolorum.', 'Mollitia est sit aut facere et quia. Sed pariatur ea et adipisci dignissimos. Et sequi sunt ea ut voluptatibus illum velit. Vel vero error et atque officia quas neque quidem.'),
(300, 'https://placehold.it/1920x500', 1, '2019-11-22 23:36:28', 'Et rerum quia qui maxime ut quo.', 'Expedita repudiandae in officiis adipisci laudantium rerum. Labore veniam ut iure et id et. Modi aut qui qui fuga in quia.'),
(301, 'https://placehold.it/1920x500', 1, '2020-05-06 04:05:12', 'Blanditiis eius perferendis nobis perspiciatis autem quia.', 'Dolorem qui ut rerum dolorum ullam laboriosam. Nihil qui qui aliquid officiis est ipsum dolor. Dolorum dolorem non modi nesciunt expedita sequi omnis.'),
(302, 'https://placehold.it/1920x500', 1, '2019-11-15 19:47:51', 'Aperiam consequatur eaque consequuntur minus est sunt et.', 'Doloremque et blanditiis autem quaerat qui iusto sint. Et rerum molestiae ratione exercitationem est optio harum. Iure ea non expedita ea ad voluptas. Ut provident doloribus quisquam laboriosam repudiandae vel dolores libero.'),
(303, 'https://placehold.it/1920x500', 1, '2020-04-01 15:43:43', 'Nisi hic quo labore quasi blanditiis numquam.', 'Deserunt et eum blanditiis. Sint qui enim vel voluptatem qui.'),
(304, 'https://placehold.it/1920x500', 1, '2020-04-13 09:11:11', 'Qui optio voluptas ea corrupti sint excepturi et sit.', 'Debitis dolorem et pariatur repudiandae similique voluptate. Doloremque est ipsam odio tenetur laudantium. In ut iste quaerat dolorem. Veniam deleniti distinctio totam vel voluptates quibusdam.');

-- --------------------------------------------------------

--
-- Structure de la table `social_network`
--

CREATE TABLE `social_network` (
  `id` int(11) NOT NULL,
  `icone` varchar(255) COLLATE utf8mb4_unicode_ci NOT NULL,
  `lien` varchar(255) COLLATE utf8mb4_unicode_ci NOT NULL
) ENGINE=InnoDB DEFAULT CHARSET=utf8mb4 COLLATE=utf8mb4_unicode_ci;

-- --------------------------------------------------------

--
-- Structure de la table `types_footer`
--

CREATE TABLE `types_footer` (
  `id` int(11) NOT NULL,
  `categorie` varchar(255) COLLATE utf8mb4_unicode_ci NOT NULL
) ENGINE=InnoDB DEFAULT CHARSET=utf8mb4 COLLATE=utf8mb4_unicode_ci;

-- --------------------------------------------------------

--
-- Structure de la table `user`
--

CREATE TABLE `user` (
  `id` int(11) NOT NULL,
  `email` varchar(180) COLLATE utf8mb4_unicode_ci NOT NULL,
  `roles` longtext CHARACTER SET utf8mb4 COLLATE utf8mb4_bin NOT NULL CHECK (json_valid(`roles`)),
  `first_name` varchar(255) COLLATE utf8mb4_unicode_ci NOT NULL,
  `adress` varchar(255) COLLATE utf8mb4_unicode_ci NOT NULL,
  `code_postal` varchar(255) COLLATE utf8mb4_unicode_ci NOT NULL,
  `telephone` int(11) NOT NULL,
  `password` varchar(255) COLLATE utf8mb4_unicode_ci NOT NULL,
  `villes` varchar(255) COLLATE utf8mb4_unicode_ci NOT NULL,
  `name` varchar(255) COLLATE utf8mb4_unicode_ci NOT NULL,
  `date_naissance` datetime NOT NULL
) ENGINE=InnoDB DEFAULT CHARSET=utf8mb4 COLLATE=utf8mb4_unicode_ci;

--
-- Déchargement des données de la table `user`
--

INSERT INTO `user` (`id`, `email`, `roles`, `first_name`, `adress`, `code_postal`, `telephone`, `password`, `villes`, `name`, `date_naissance`) VALUES
(115, 'voisin1@accote.com', '[\"ROLE_USER\"]', 'Marc', '87, impasse de Salmon\n32 378 Gauthier', '90 432', 2147483647, '$2y$12$fHUDu6u3YmM/WdKdJRPzj.lVSPLyLQlhen/ZBA91EhzSweL53zpIK', 'Tessier-la-Forêt', 'Fournier', '2020-04-22 15:59:13'),
(116, 'voisinadmin1@accote.com', '[\"ROLE_ADMIN\"]', 'Raymond', '47, rue Dufour\n29 396 Benoit', '67800', 2147483647, '$2y$12$JcpCuXgTFDCs3riicTPLYO/GJKsMuIHnfbzRx./RxpEWiMjWZRBTC', 'Bonnin', 'Nguyen', '2020-02-05 17:21:21'),
(117, 'voisinsuperadmin1@accote.com', '[\"ROLE_SUPER_ADMIN\"]', 'Éléonore', '1, rue Godard\n33 658 Rousset', '37 786', 2147483647, '$2y$12$FsCcZ/I8FOTmi7dZERX53eYL./JzEdB.AsRFPNMRHrVO/0NHq8SKe', 'Dias', 'Mallet', '2020-04-06 15:38:25'),
(118, 'voisin2@accote.com', '[\"ROLE_USER\"]', 'Louis', '12, place François Robin\n83553 Rodrigues', '42 059', 2147483647, '$2y$12$/ezUqx84fcJNoSBKq3BGF.FnNFnmmS4IKie84EPacETyk.lYcdS22', 'Collet-sur-Barbe', 'Lebreton', '2020-04-30 01:55:04'),
(119, 'voisinadmin2@accote.com', '[\"ROLE_ADMIN\"]', 'Paul', 'boulevard Maurice\n51 243 Lacombenec', '33200', 2147483647, '$2y$12$isBwKFAGFAw.nsfKBFa1Ku5GNP5NhrZuohpMHHAbQaV6dFkHnc6ve', 'Andreboeuf', 'Lopes', '2020-03-01 03:06:48'),
(120, 'voisinsuperadmin2@accote.com', '[\"ROLE_SUPER_ADMIN\"]', 'Victoire', '957, place Émile Pineau\n15 458 Barbiernec', '24 619', 2147483647, '$2y$12$HadIbBKyK.BdMKiUrDcBAueqqWC5MoFm2DRLYIDM.j8YyYRGYQ6ba', 'Couturier', 'Lemonnier', '2020-02-27 15:20:39'),
(121, 'voisin3@accote.com', '[\"ROLE_USER\"]', 'Adèle', '19, place Barbe\n30189 Paris', '23 210', 2147483647, '$2y$12$O8gMsshxNwl3P3icYovjmOJZAGYocQa5AxWxEHm.iGdUDZwOLM5Q6', 'PascalBourg', 'Launay', '2020-02-27 16:20:38'),
(122, 'voisinadmin3@accote.com', '[\"ROLE_ADMIN\"]', 'Louise', '39, chemin de Riou\n31 698 Pasquier', '62 150', 2147483647, '$2y$12$Q1C4qUUnr0RtQ4I57xII5ONPZ4mP/hYinQC320/VpY6/U0suRekSS', 'Lefevre-sur-Humbert', 'Perrier', '2020-01-31 07:41:23'),
(123, 'voisinsuperadmin3@accote.com', '[\"ROLE_SUPER_ADMIN\"]', 'Thierry', '22, rue de Daniel\n06 844 Baudry-sur-Rodrigues', '87 587', 2147483647, '$2y$12$sqhAyz7UF6qNqmWjDghFX./Mbl4CKPiWjx1ZHi53u6i1zaUgoe2Ee', 'Legros', 'Ruiz', '2020-02-24 04:58:17'),
(124, 'voisin4@accote.com', '[\"ROLE_USER\"]', 'Susan', '6, chemin Dijoux\n39 345 Regnier', '44 635', 2147483647, '$2y$12$35jwvu9PUxzbZlXOVJbH/OTtKGH4LxCm37lvfqSuzp4q8O8e6rrnS', 'Samson', 'Bouvier', '2020-04-04 02:34:12'),
(125, 'voisinadmin4@accote.com', '[\"ROLE_ADMIN\"]', 'Guillaume', '9, impasse de Voisin\n48 315 Ollivierboeuf', '89 794', 2147483647, '$2y$12$F3zy6ht714/QLqVQT3./wuhwHg2a/zNrxF3Ko8ld5oSzbzmc70bE2', 'Gallet', 'Denis', '2020-04-18 21:40:20'),
(126, 'voisinsuperadmin4@accote.com', '[\"ROLE_SUPER_ADMIN\"]', 'André', 'place Torres\n94 542 Morel-les-Bains', '46 510', 2147483647, '$2y$12$dxUpgcs2LQYVdTzzb82xkuOQgxSHM5JZ3RvjsQypGtjdNIqeDy4M.', 'Guibert-la-Forêt', 'Pascal', '2020-03-07 21:37:00');

-- --------------------------------------------------------

--
-- Structure de la table `ville`
--

CREATE TABLE `ville` (
  `id` int(11) NOT NULL,
  `ville` varchar(255) COLLATE utf8mb4_unicode_ci NOT NULL
) ENGINE=InnoDB DEFAULT CHARSET=utf8mb4 COLLATE=utf8mb4_unicode_ci;

--
-- Déchargement des données de la table `ville`
--

INSERT INTO `ville` (`id`, `ville`) VALUES
(1, 'Bouvier'),
(2, 'Arnaud'),
(3, 'Carre'),
(4, 'Perrot-sur-Marion'),
(5, 'Monnier-sur-Mer'),
(6, 'Muller'),
(7, 'Merle'),
(8, 'Voisin'),
(9, 'Marques'),
(10, 'Muller'),
(11, 'Cohen'),
(12, 'Hamon'),
(13, 'GimenezBourg'),
(14, 'PintoBourg'),
(15, 'Robert'),
(16, 'Renault'),
(17, 'Lemoine'),
(18, 'Marchand'),
(19, 'Rousseau'),
(20, 'LemonnierVille'),
(21, 'Gomez-les-Bains'),
(22, 'Milletdan'),
(23, 'Josephdan'),
(24, 'Pasquiernec'),
(25, 'Guyondan'),
(26, 'Francois'),
(27, 'Mahe-sur-Poirier'),
(28, 'Launay-la-Forêt'),
(29, 'Marie-sur-Mer'),
(30, 'Tessierboeuf'),
(31, 'Morin-sur-Hernandez'),
(32, 'Laurentboeuf'),
(33, 'Chartierboeuf'),
(34, 'BretonVille'),
(35, 'Blin'),
(36, 'Thierry-sur-Lefevre'),
(37, 'Camus'),
(38, 'Rodriguez'),
(39, 'Delannoy'),
(40, 'Bourdonnec'),
(41, 'Hoarau'),
(42, 'Huet'),
(43, 'Poulain'),
(44, 'Gregoire-sur-Moulin'),
(45, 'Pasquier'),
(46, 'Riouboeuf'),
(47, 'Voisin'),
(48, 'Delmas-sur-Lenoir'),
(49, 'Marchand'),
(50, 'Bouvier'),
(51, 'Pottier-les-Bains'),
(52, 'Schmitt-les-Bains'),
(53, 'DiazVille'),
(54, 'Pierre'),
(55, 'Lefebvrenec'),
(56, 'NormandBourg'),
(57, 'Coulon-sur-Bouvier'),
(58, 'Hernandeznec'),
(59, 'Dubois'),
(60, 'Allardboeuf'),
(61, 'Dubois-sur-Boulanger'),
(62, 'Boutin'),
(63, 'Schneider-sur-Mer'),
(64, 'Renard-sur-Chauvet'),
(65, 'Teixeiranec'),
(66, 'Payet'),
(67, 'Gros'),
(68, 'Coste-la-Forêt'),
(69, 'Duval'),
(70, 'Da Silva-sur-Legendre'),
(71, 'Clerc'),
(72, 'Humbert'),
(73, 'Traore'),
(74, 'Rousseau-la-Forêt'),
(75, 'Daniel'),
(76, 'Pinto-sur-Diaz'),
(77, 'Renaud'),
(78, 'Dos Santos-la-Forêt'),
(79, 'Baudry'),
(80, 'Courtoisboeuf'),
(81, 'Reynaud'),
(82, 'Bernier'),
(83, 'Bourdon-la-Forêt'),
(84, 'ThomasBourg'),
(85, 'Pons'),
(86, 'Colas'),
(87, 'Fernandes'),
(88, 'De Sousa-les-Bains'),
(89, 'Leroux-sur-Alexandre'),
(90, 'Lecontedan');

--
-- Index pour les tables déchargées
--

--
-- Index pour la table `annonce`
--
ALTER TABLE `annonce`
  ADD PRIMARY KEY (`id`),
  ADD KEY `IDX_F65593E5A96778EC` (`categorys_id`),
  ADD KEY `IDX_F65593E567B3B43D` (`users_id`);

--
-- Index pour la table `categorie`
--
ALTER TABLE `categorie`
  ADD PRIMARY KEY (`id`);

--
-- Index pour la table `comment`
--
ALTER TABLE `comment`
  ADD PRIMARY KEY (`id`),
  ADD KEY `IDX_9474526C7294869C` (`article_id`);

--
-- Index pour la table `condition_footer`
--
ALTER TABLE `condition_footer`
  ADD PRIMARY KEY (`id`),
  ADD KEY `IDX_75AF073F12469DE2` (`category_id`);

--
-- Index pour la table `migration_versions`
--
ALTER TABLE `migration_versions`
  ADD PRIMARY KEY (`version`);

--
-- Index pour la table `quartier`
--
ALTER TABLE `quartier`
  ADD PRIMARY KEY (`id`),
  ADD KEY `IDX_FEE8962D286C17BC` (`villes_id`);

--
-- Index pour la table `remenberme_token`
--
ALTER TABLE `remenberme_token`
  ADD PRIMARY KEY (`id`);

--
-- Index pour la table `slider`
--
ALTER TABLE `slider`
  ADD PRIMARY KEY (`id`);

--
-- Index pour la table `social_network`
--
ALTER TABLE `social_network`
  ADD PRIMARY KEY (`id`);

--
-- Index pour la table `types_footer`
--
ALTER TABLE `types_footer`
  ADD PRIMARY KEY (`id`);

--
-- Index pour la table `user`
--
ALTER TABLE `user`
  ADD PRIMARY KEY (`id`);

--
-- Index pour la table `ville`
--
ALTER TABLE `ville`
  ADD PRIMARY KEY (`id`);

--
-- AUTO_INCREMENT pour les tables déchargées
--

--
-- AUTO_INCREMENT pour la table `annonce`
--
ALTER TABLE `annonce`
  MODIFY `id` int(11) NOT NULL AUTO_INCREMENT, AUTO_INCREMENT=77;

--
-- AUTO_INCREMENT pour la table `categorie`
--
ALTER TABLE `categorie`
  MODIFY `id` int(11) NOT NULL AUTO_INCREMENT, AUTO_INCREMENT=13;

--
-- AUTO_INCREMENT pour la table `comment`
--
ALTER TABLE `comment`
  MODIFY `id` int(11) NOT NULL AUTO_INCREMENT, AUTO_INCREMENT=370;

--
-- AUTO_INCREMENT pour la table `condition_footer`
--
ALTER TABLE `condition_footer`
  MODIFY `id` int(11) NOT NULL AUTO_INCREMENT;

--
-- AUTO_INCREMENT pour la table `quartier`
--
ALTER TABLE `quartier`
  MODIFY `id` int(11) NOT NULL AUTO_INCREMENT, AUTO_INCREMENT=91;

--
-- AUTO_INCREMENT pour la table `remenberme_token`
--
ALTER TABLE `remenberme_token`
  MODIFY `id` int(11) NOT NULL AUTO_INCREMENT;

--
-- AUTO_INCREMENT pour la table `slider`
--
ALTER TABLE `slider`
  MODIFY `id` int(11) NOT NULL AUTO_INCREMENT, AUTO_INCREMENT=305;

--
-- AUTO_INCREMENT pour la table `social_network`
--
ALTER TABLE `social_network`
  MODIFY `id` int(11) NOT NULL AUTO_INCREMENT;

--
-- AUTO_INCREMENT pour la table `types_footer`
--
ALTER TABLE `types_footer`
  MODIFY `id` int(11) NOT NULL AUTO_INCREMENT;

--
-- AUTO_INCREMENT pour la table `user`
--
ALTER TABLE `user`
  MODIFY `id` int(11) NOT NULL AUTO_INCREMENT, AUTO_INCREMENT=128;

--
-- AUTO_INCREMENT pour la table `ville`
--
ALTER TABLE `ville`
  MODIFY `id` int(11) NOT NULL AUTO_INCREMENT, AUTO_INCREMENT=91;

--
-- Contraintes pour les tables déchargées
--

--
-- Contraintes pour la table `annonce`
--
ALTER TABLE `annonce`
  ADD CONSTRAINT `FK_F65593E567B3B43D` FOREIGN KEY (`users_id`) REFERENCES `user` (`id`),
  ADD CONSTRAINT `FK_F65593E5A96778EC` FOREIGN KEY (`categorys_id`) REFERENCES `categorie` (`id`);

--
-- Contraintes pour la table `comment`
--
ALTER TABLE `comment`
  ADD CONSTRAINT `FK_9474526C7294869C` FOREIGN KEY (`article_id`) REFERENCES `annonce` (`id`);

--
-- Contraintes pour la table `condition_footer`
--
ALTER TABLE `condition_footer`
  ADD CONSTRAINT `FK_75AF073F12469DE2` FOREIGN KEY (`category_id`) REFERENCES `types_footer` (`id`);

--
-- Contraintes pour la table `quartier`
--
ALTER TABLE `quartier`
  ADD CONSTRAINT `FK_FEE8962D286C17BC` FOREIGN KEY (`villes_id`) REFERENCES `ville` (`id`);
COMMIT;

/*!40101 SET CHARACTER_SET_CLIENT=@OLD_CHARACTER_SET_CLIENT */;
/*!40101 SET CHARACTER_SET_RESULTS=@OLD_CHARACTER_SET_RESULTS */;
/*!40101 SET COLLATION_CONNECTION=@OLD_COLLATION_CONNECTION */;
